0000,1RvuOpadOVhX2bPWadSLTo1Z-ewb1kWXfhURvsqCLHMM
2002,1rqQKGfa1RnF84Zhs3y_AScmpfJktvJvcDXP-SaKtGWc
2269,1kYL0Ll9-PzBywfHn2FSPCQwNUxn4rlHIgm7IMckOnHw
2282,1oT9vwsd__jWmFxvT285kOvJcxvOm_BwDFJkqdhETNts
2501,1Nqb2ZGUic7TcrxRWyq2KuyCNX-wnA7RglxaAEMXG1LI
2502,1HsX009_AnVJ6zgbJDDGFRyzhunSMqsCvQ9vTLf-FWeo
2503,181sANX709GT-gX10Ime4-ACHIQqp21vgxcCKgtcm0mg
2531,1fJtKd3gr_5AVC0JhwpriQOCZw8mW8nWamRsQQKLjI48
2801,1FL4B4hTZZer4scGkOj-6SbGskQ0ofY6SbZ2RuC37G88
2802,1FLPlrW8cc7bpbPKtqSq_6-_VOVYcxJBbuLJLccm3RUI
2871,1T45cy6nJIhSWWfhFv92TgMQ-Gu2lC_2QHVWhU88VWXw
2914,1yZMgkatdfzuixwHIQI4P_PZkVWEhAD0wJIdzKT684Dg
3101,12ADoR0esp99gjuKEYEMaVGbJYPsPYem37P7CjRP-yC8
3103,1i2sioxKAhTYiLmm-ni7ReyDafsLRpYNH_2A7iW86H44
3401,1l-iXrfWc3DvWlCLRYg1T6Zgqeg4YQe1ST6_6taDgy_0
3402,17EEonMER4lspFVckVjthHtyQFUI_y-E00fV5l_CFiwM
3861,123nok1_4UI_mU_Gk_kubThb1NkxWK99HNPYnj8v5JcM
3863,18_tWRZzvPPknWIGeD4xH1F6oAAHn82sYMKhFedKSgEU
3405,1GUtdn0mf52UjEi4Dc6qQOLZ6Q96gA0tpsfq2_nVNlmM
3407,1s_Tzt9HvQk8or7jqJbmWyuB1FQ_pdeLOvSVAfaDY1vA
4004,1HXQoRL02YTEqQYj96nU1fyjiwSOdkL73sAI0FEEOFAg
4005,1-xhPQWacXKOfHL9GGofHERGf6fZQTjI7ZRAG20ma8gM
4021,1ynqvqvM_opuxRe9ICSY57HX3SWMrJB9CsmMF4ukjuyk
4042,1n3---c17ausgaktaCWxuKYWC0LwGlNxKrgcuX2g5faA
4043,1AfHOtQE1vSHmNFCfaaai5tgJrM7zmpqBS6F8Svlyxmk
4061,1vYVjHxaKoZ3Glu-SUyaWmRMDUqRAcvCgZFUbfMsJR3g
4063,14d8xNQD_CmJotk2wmTyEK4BFBov7FMqhaFJTKUKp5U0
4183,1fmSr2yZCfO865fXPJb0FALA2Q9a6Cs0ozeapKG0njIY
4188,1RfcLIec0UKKNYDp-SFr4Rl873D9MvMOBR05kt29wvFU
4208,17mEEtaYPGGd_pYtnoZQzGnVhIdVjI73sxIVhPAG_L2E
4272,1NP9u749DcDIcD0gfGtY6Q22v8GfNC2olARc5x6PGfEA
4452,1W5Xi79pTKSHa64hynqrj4N0bI7jab8HcYYCsZZ6WW9o
4631,1oePM108J0A0oNvfJRkKMCEbtjsIBXaH7SWmFOF23pM4
4901,1ojPpi17c8L5wHYVub9CTti6rnC_bJhceCTnGRUb1PPA
4911,1eQPlVfaD7IT5rBOQZevKy6dL-6z1IL7X4uRHyd7Yu10
4151,1ueC2FVRGc9knvyX5ns68qFy52nLg3cHeYclfnFWgwhM
4502,1VFYDn2HIuGD8Mybk8wE6pZHKj-YPgfl9F7DHXqcKy_w
4503,1Ba8KO2OwJaBNhwHSyQ53QiJnojB-bhdvXIPPSd0DSsw
4506,1CyLyLzvLhlIvkZq93oaC6WZKn1z-6jqQKIWn2ir-D8I
4507,1l_NDYNXKMHjlUUFMQa871s07zZKCu5KgfpyfBHIZlOo
4519,1U2-p14HLpcXG9_NvsvEbeG4W00PbuRNQOzKuiIFXEMU
4523,1PhtR_SxrBhphsPIkmdz6XshXILARw_VpNZw_jXpfexI
4568,1WQZ6DY7O_jISUlDzn44G5XJIpPwpU8uq_GeywzR3BMo
4578,1mev6My-S7MaTy3Sd7u7ZGXF0VVppv6e-kcZJbPua7Rg
5019,1i0_gVQt1ysW6jYZeNGahiysqgfoSnhHL8xnTaD6QZZg
5020,11pKFGc6Sp88UTQ1K98FV1RRCv-Lhw2H1HYjzA39A13k
5101,1twyMrPGgJNMiHEUiE4roXJaNZRDAA_OHzcC9znhia1M
5108,1GNHLLA4L9ueO-9zi2ZZGD01LODQazXI-6CXjcCDNZEo
5201,1stEhuhdWuiAObCGaJdHQQD0FkAxrEIF1TRzOtWFPjHs
5202,14hH8QcRMRVDz1ZBeDzc4hlqb2bdPGJgUCeyXUTl_L5c
5214,1s32q8bW9XPYT9UJwkU-ONW0z57vAjFxYM44eUSIg_Nc
5232,1hmO494dBnWVfNkd2z_aKu-DcKCHl6LBSLU4W-_q0ezQ
5233,11hDskNzfatk4O8J9zp_N_D1Rg41zkGFDR8hqyOnvDTA
5301,1iRYkEitSO4CfRTnwc0SsH7VXrJMmp5G_K1iFweLe0jw
5332,1HO-uZlfZn75Cic84vOqpqfgg9wYmyxc9YmjJ2dlI7tc
5333,1wfeSilUpDtk94RZjIZnhDYvJEmg4yomDROSdYPSedio
5401,1heRrJJ_IkuUIN8QHMz0XCBBqbpBqxkXQPf-mdpit5-A
5406,1ZzD3KqMkvgu7xdOTFoTK3n9TwzszK3viEoy6R7tT0cM
5411,1e7o3e7jiqlsrG_dEVGgZD9MIDdtKi1rxbnDnIlRA2Ps
5541,18bwU3SuLg783eEuT76DJSLS9VsHFXZYYcgPrMa97mug
3436,1dGpdNJWXmstO4ytsLoQ6xDIVrkJZ6UEiS8ZoiGAm7jE
5703,16Sg2dA5WnSONxPn0M_hcNXsBkAs0X6r0lsxTy6BhdVk
5706,1RIiB9tD-idgrZoH-Vl61wAQWoUrQNI9IqPzw2ESktR8
5707,1wIxEKwLxVQRKVNHX4kAOiIzVBiYdhgLDHSIpyq6EBOA
5711,1W-xvtafkhOyZ7NfKnwLpjUIuwkLdDeYiIMGw8K9O13U
5713,11eAvXG11w9-p_YcSCKyXYCUm3p3iwlg4tAS3DvMde5s
5714,1omtU7b9Q6wvMFMO-FiS_aLFCcOJY4FCYu5mqTDiu2Gs
5801,1sS3wnKh9a-ZIcFIfE7Yh96aOEiM8fV-wSZW82cJqYHU
5802,1XQ7PhYwL30cymwyh1Sp0pJzBWpqOiRWQ5BFxGK2cIKI
5803,115jP2FMXPz-k-E-hK7aGhyiqtXlu5XxFLCKxVtzIg4g
5901,15HbW4zZ3sFJnmZdMOts6i1sywmHuSTRwBKJJJW67aQw
5631,16w3b9QoAQ18rd01RUx_2FVY4zmmlCint8Leil9ZJAVk
6103,1ihYzCtXzLXnxvxvmS6FvYh4RBF1qtB-pfMuSRTmvRmE
6113,185HmbXEJFh73UdralKZ4AdDDKfT0C6Beqw8cy_Ff4lQ
6301,1ppSzxfvPNa-oZpzUk7W6rbifz-lUHMpY7fcmMz8TZL0
6302,1ChflNXboQxn1B3Ade8gJ38Sr9NmZdaoxkMrdOzASYmA
6305,1c5EK53ZhzL17oIvo4Z7UVqx6y_BsZND3IiD4pBRzj7g
6326,1dBIAYQihNB4bza5iXNyZAE-U1bgFk3_qQNoUSMw6yIY
6361,1VIo2bV6AAF-Kav_gqWz33SykkNcKyZfcZojigri-TsU
6367,1uErEQtecw6YwEwGYeul-UPgEYSb33GQU-jpnSjnkVys
6471,1AoFURbwshE_3wmqxfOd5Ys433sblJyT7WRNX4QJFLiM
6472,1B-pDieRjXc5_z2B8IpX2-Vjya0GWaZDOWcBuDqwmrKU
6473,1mBHTRGDH15_lBpDD6llDrkULO-kMvZNIvXsz9Pf6mr4
7004,1D0RG1ct9cLC6DnmZzqxvIn2siQer-WNavsCIiX4cJKE
7011,1Z3uVfKG2-dQWdT2Aa_T2v7aAKh1Hmb9TEdgzxEmS7oM
7013,1ByWLl9gpo9LeElG7_j71V8f0bWP1vzmm2rRUpZePnpw
3105,1LJiQ0g3IpzSjdeplcEW_kaCFYsk3CLOCma_FNLJmg-g
6479,16_59Gpogr1d5NlUlXAIvVG5zOS-Wh0d1cd0vUsZYFyM
6501,15IU5STsFQrJK_wv5oQ7cQDuQWhKeFviYXfS7AIOezts
6503,1MMaFcAAH7E-uDZ3ONO8ZtlpAPt6i5_bPUBXXOI_bpqY
6504,1xlszI4OZqxHKkOMutajd1KcdT5zZqsN-I5HUgVfYJv0
6506,1Z4ZgN4Sy0zq6E4piPBPDWvWgVtgzT8w4Mi02n_LoCPA
6645,1ZozIfpVo4IOkL2QwZ5L2WSDtElcRY1JU6kueA2kSsEk
6674,1LGFqOrelFgVO2CDo9CMIzx_S09fMv8MR6yKse7w9o4I
6701,1lsEsnYT0PF0Ob2qOxnFgGnQ5xdBRpfWfI5aueJ3SAzo
6702,1IZaaAUY02pcTdkt7uUsJAWJAQ_P13GeMwyfYS7Vlcy0
6703,1LWmlGmP0GSnn9bXuTnRNh7OhkUV3M42GFM2yWjeS6kI
6724,1S9Q_hKVQQCm67koCn8FLRRQup3Bah-haJTSIclfCiGM
6752,1eoKSqKAvtz1nX27w255filxD7FLWfj12JoZcbU2NnBY
6758,1KEQgRdnXwl7JFkf-wcR4QZOYqQujHVtgRaF0-Br8dn8
6762,1WLnjewwEXRyhA1swLkysYw7ka6g0k3-E9WVdSzUXGvo
6770,1g1FgI4GQOpIgd9jmv_ZldEl0VKA57gGd0fz1Jlz0jAA
6841,1n55jz17PUfo4t6pG3awv-ADz_Fe-wgWjlsOY6tySeZs
6857,17092H7qNlzDM4kLpmLkNj0LRaDQdRe2n_SlffJnhmUM
6902,187284x_NWoG2rs4DXWaO4_DwT355SnLbx621Ys7hDy0
6952,1heoWxP4ciyDhs2Ajd5AOviaXku04TM7kdHHYwvObAmU
6954,1AaSfhlsD3sLhnJ-qXI-cBNbe7KBbbLcabU1FTIpm25g
6971,15kXtT1xjtbkGxxI9XNB3rp3n106nZhU0ZY8mP6MoCFM
6976,1rx2WBddhBGhsjU4knhofyOBpmAF8hq9yjf9QY9axlUs
6988,1pkZ7Fw1wgr5mld73mqqflRY4Xnb71RrqbdgdthPV7Sg
7735,188ln2g1E3nzwZHRVySSP_kNNAaWVq37OrR-6JS5NQxE
7751,1MfvnEkwisCBsuuQvSF12Wc1AW8yHXwqZw7q1E20Vjn4
7752,16znbYfjRumLR9GNpd5N-Nj1g42iROfoc6EPN0BvyyZs
8035,1sTuWDhpTnZojSdMoZK-8InV2JMXH_yeYMXIFhUnoSLs
7003,16g4eXXCrTBeBibAsR225STXBprOcFp85NZJAb4BqGK8
7012,19QnmvGAa6tvC8M00Ws76vZWNLGrHm8TNwZoO2kVlvZQ
7201,1bKurmX6eiXkhrsafloWx1cgyL_6Ps4Xl5yjgHWUAbsU
7202,1ctyogCKVZ23nsxV54s-fdR2oosAsh3LvQNbdv1S6Y-w
7203,1Y9_9iwe9GY8HilBexlxhsY2T8mUEBH-QUs7l0nV5pn4
7205,1E7xUXTMdfi1Y0LLfGECFPXkaVexqfTXO59WdxFU3Vgc
7211,12qOfVmi0Rn6ugXTEkEfODnHIbMmU-YSO1MH_VxokL48
7261,1FYueMEVHyqyTW10D7dBJW2U3HsdUrkZzsJK3qabtdO4
7267,10J-VH3QKE3Y-LvYeZdzGWfdlqhlBOI7R2sxEP58mCbY
7269,1KcE4tTnYqjTxEKT_Y92UKMmFNuk9a8Q8PXUStOVYGZg
7270,1M4TzTvAgthSzWUufEZhxNBHoplvhR1IONrvrZj72-iI
7272,1TZ-reL6l-KaR9DOLkOZ1Ik1GzQrUd3Jt99hwZXV6cUQ
4543,1VOKdBCAXJ_Dy44uJ4sgISixXJpu1guZqK31TOsjkiSY
4902,1CrrAKPy_5WBHg9c5zvhl-xsmD7ztDthZiEueoMUDYEc
7731,1YkXh1dWPTEcD66kUojh6c9NsyG5c69izbVU7iyEN_aM
7733,1S4pPF0JBYT8uNMI9c5FdapiG7oGJJrofFzfxnvyl-s4
7762,1M8oyweEYpENSNk3atA-ZVRUKv0C3eRL95beU3eME_ws
7832,12NxmM0m8BX0oiGQ_JEpUDWWqv-8zJPjj4DFWdVCxcDc
7911,1hcUNe8kiiZMZVlfyD-dZJ3BiP4kUXpbj8-t5doZiPVw
7912,13GqR9Wye5YK68ZsL1DfpjxlFTJou88AdjMFzRcJVv_s
7951,12x8Gkfc-W3-L4QOKuBsOXYZFz8-f4K7REFltowj-IUk
1332,1UnV9G5F98xgzgp67GG1-9eXeTRxbZ7-y83IiZ89NM_A
1333,1ToqJ6FEGW6AE76RwIkjuQAj-KTPwbnWyFmiyq-7MeKo
1605,1gj5qi_o2Ql7YmI1xk2QstV8DYp_VG47pKf_7ADlV0T4
1721,1qBXo0YaBdeQJ6h9BosKn6qKQDzqPhhWoFCtKbOYoBdQ
1801,1S4CiVFCD48HgmYO_F-qv2NhvexwCLmt5LEPHzlX_xzo
1802,1Q0HFZkAx-Creu_L34ZmI9zwIcIzb7ZT8icNGZLTKj7M
1803,1JrOPM7ALVt5oYbRfVk4vvrZ10AEkByKkQm33L2A-ebI
1808,1ofSh5gzv5kGD419GFifO1uVJ0fMzPygDgzMA6_tQdag
1812,1x_mv-yEWGKEx5qPHutLupcKZ1K2pY_JzZaJUnqecqQg
1925,1fzaO88RhblN5L22wfIXhIK53jmiIoaPlpTFz14yp3fs
1928,11CPVazKYItzWk5TR8gaHLXg_E-LgEiGmHr4AZX-Yt1o
1963,1RuYWVZwW2PFOp1V5V-WJ5lzIhA-bgXAYcIvq4ArxURY
2768,1kMW_Z2C6if6TATK5PuUYLe0VmHep8i6-rPE_qlkAzaI
8001,1zPYQvx_vdQtfEC8sjFtgndw_bpGgnR58rjSb2caR3SY
8002,1zypcHh2a2WFHylQwYd5lzhh2psERwk9KxaTsELV1ggg
8015,1BqBffCkqSKtDpdvvfEgP6B5i7d51we9anT2FwNlYU84
8031,1YDbQoPpORQD4X_p59LhEj0NaV9LRFq3WdGWvg72eg_c
8053,1W1qDV06ZtrZrPneaoYEqc9MxU2DaU4B6xvdmccRou-I
8058,1O9l6Xd4yn-bMG5qiOCZZNVm80n48ifETCfzIsmMrNEU
3086,1-E95ZSCN9kXuvGCS1rpCqOnirwEok0Bl-hv5pbcmWlE
3099,1KhNO7ABYna6Xzob_5nHD-6DwIBk-LPnFVCYUAFBDIT8
3382,1kbRCazD8Fgtm9L39HpxMAU5MIyLQ-2SSUDHiG6cf84s
8028,12g2jp4KQa_rf5mdc65ZALaY6b06OxRzHg-RjI-o3Fsc
8233,1LCcEh4ZTnu0SoTEoTJcdSB32UW809ghb60J1-z_sErM
8252,1KM3yGAmsrnzOrtVXD6T3Nhg-Weh5VCYbj7VPQLKt8f8
8267,1kmuNCTU4Jqma-rK-z8xrHEM_5n7ZIInRlzV3iGRqXgE
9983,14FHtbAkB-wkhG5EYtmS3UylUKmSpmzsX3TeFXZnVmic
7186,1zZw7NgUk0-ilW_hkqN4VAK4QewFd6yTE3G6pCqNlg5o
8303,1CEOSPbCBol0ssXTixfe86dWlcxqB2J77k8CpTpT1_zk
8304,1sF3Ot2xRuGLGxq7B1OhSK2Bup80tuzSLUiVx8v4MbFk
8306,1HJn2bRYv60ltqABoVQeYMr9fJoX9D0baxV9KesfCOuo
8308,12RF2vmNfcww0_uT5jwYsC0MzhOjVg6EE7MBEJ9Tx5KE
8309,1cu7y7yNT6eb3G6p_rEO5M9O-Z6T5wXa0IAmAvQ6FBXI
8316,1-1tSOHttQZkf-7rh5ghjtZ_1Rhnq5-PCHc9ha94tddQ
8331,1SuMMxCI-DsF-j_7n-ZA8DNa02qDbS-1YChlH9w1LPJg
8354,1mOol3rxEB_ifp60Zpa1YlYT7BLPPFFpMl4C0PacItRs
8355,1GpxhaExVsJEENph6TN7m-KsSphPvirozz1VlsTHVOO8
8411,1Jk1RISnDNcjvpFiAmrOjdM8EJBiSK1wpOs3i-goUMd8
8601,1Vd9mg7njnbmfZy8kG7zgkC75eDCEt7EJJOz0PY4yw3E
8604,1hTuu2rG46lyfigVVAdOFzsZQTfZno67WL8wj30Xwuy4
8628,1WQcfYFp3eS_iYn7Io5c9v2OkT2D0bHHBkWNEvRjO9t0
8630,1vn4FCYQJN-VFYblQqJCSbAu4P924XDT6ESHaemK5fxI
8725,1dwNRxUL3UM_hZBYILQ4xQT_Bo8wP2ult5xOt5zPs60I
8729,1vKxYsHi2LtQHthlSDxzJCkhFmPI7_ADl0BTMYfwXDcw
8750,1DldNzrUWVUKRFGDQBi3Wgkwb37iaXeFzE1cmIHhrKQo
8766,16i3eTsOTLy4a5qlpryzXdiRxwrONHEEXdSA2JIHxYgE
8795,1Y3jJbh4PYR-dcG_Q-8B0uz0msW8uJMVlglucPvri30I
8253,1zqSCSfig4vneaXqiDCC90aOk9NpStz_irnCaUi53IKI
3289,15BAyWjLmu7Vp7bAXE3mnOr_jRpu0Srm9o6YQOubnKXk
8801,137ulzYugwErLcofDqwvaVdjXZZ-OvfhDxv0inzpSFn4
8802,1qUoOL7ULmtcH6f0LwNJlYDPJeEuEjtKrYqLfoY-d0_s
8804,1iM8a4utwoHejtraeio7so4Wue8B_vMvIpEovLQ2ypF4
8830,1NRjOgOTfMwSe-B07buhgkbWC4NR_9YrxiMbcHmCvg3k
9001,1v1m8OIgyk6tDws2zebvjIrxNxUscig4EPSOwTbmeXx4
9005,1iHUpO2SINyW0yOl21lkAL_nhWYz-OnxHZish0WQMIig
9007,1u1jnzpR4QhdpxHhvBUzWcEWNgqVYcXq8dCqxzsu6mrg
9008,1MKL0L4MDOShAMhRnyNSIayjg7m03iNnvtcXvQJiMVbs
9009,1pPwxResXJrQMa2hIjbCoLL6mvieXPBcb4YlicxG1WIA
9020,1rPx28q4N4v4eLTPsTLX5E3SX_zFNPolMpCTgFCt1BoY
9021,1o9dx8b2FBfa70SGt4Fcq0yDe1esQzsJ-3VZmY9ITgeI
9022,1BdHoUakl6TKqVDIk24VRSFvn8gmqul13D85oDWaINxg
9062,13NeJNrVrRkLnTc-Q5XCQgJunyqMk4XjYYkH8c8GBOB0
9064,1lMBhioeMmU3SOprJ9g-YeIxUl6Z2lpN63YChYMjH8Qg
9101,1OjK14xqFgxc3ieQ_659QzfDe3laKdXqSgcYN300cQZQ
9104,1z3IO4RwGKqZFlrm9p41_kqdhytrm5XaV-zScesz7Vbc
9107,1bWdovfLm0JxasUCwilDlTaDT5lM-lpzd-RQ6ozJTDUI
9202,12EdHQqIvmk2dJ7uOpte7Ana8OZE19B1wWP7AFKrXl6c
9301,16jCmXAqLjKd0vu7L49QFhLHbCnABuUkqlreE56nDn1Y
9412,1ops2UyMrL8TmpOU8GB_Uu77q99Tx3SrjfF08NHFp9nA
9432,1uEq_VJIzT0Y32LbXuRny-DULm6ehQlJUNS4wLXyDtvk
9433,1DthqjvGpK9u4liY5vXj-Q3O1Il_vTo5J6bzDbbBBkis
9437,1_N5dur3Ptxeso7rMqomlSfpS8JtbjFDylKlcnUSjgvs
9613,1a60iWfO9oP6lAgiloSoPBxQ6AN0bKkWT5tTN85coJ60
9984,1xvchrqOQfEDyWDGlzfqCZk4ucslVtuQVSPzbgr652Sk
9501,1clPhO5xaLECi6p7HqCEf4aakb75KCVKybYWuM6xD7Ag
9502,1kT17REKVMW7FYq-I-laOwsTgpwEqF39tEQ2QfYQG1gY
9503,1shKkEfDVeiP3vhPaFXHD-ikzCLYAnGBT14ImTyVGaZ8
9531,1krNhqJqtuvDWMhkQsSOYBJAPqcb7iG2Iur-2TWxZPrM
9532,1b1bnLLLWVVuKQ9QUZu4_wXObXboMnZSuV44YxfVvD6M
2432,1zH5cJZ8deJxeF2rnY-DA5jrqlHxQio9Xy5Q3LmJ_FQU
4324,1Qvxg9BCby9dj9Nl_cYxNAYqkTluV2336aTPwz_kyNMk
4689,12Hy3ijW5hdDQGQcPa3eL8DW-mzDTNU7HXDMlOntOGIE
4704,1mIJwsEHs51aH5YxKxbt4hygTs6ASp7n_nhSf7oAN0is
4751,1UX6nJGmYtbS55NRT4ufKulj6TvHbXBycr4Qt-Bo1Ko8
4755,1iCiZuc2wg87UKEMt9IrVNIQiCEnQ344V8zf_NFTlMpk
6098,14POMy3QOfuZAQxBuGu7Cn2CbgrOJeN4WVQqWydDmz44
6178,1frlc5VyJvCl9ZKf-fuin_kvSP1IcX5CEDsvMo9DjgXY
9602,1gqP2TYcTlKnPivG7TYjLE7efrn2MZs2f0SuN33a3J_s
9681,1mLp9JRKIowkR_mGIjsfhmxSXTIVh2o2Eyj9Uy9MWHBY
9735,1O-zDdc2pbDpXnkHv_KA7aHreoZyQp__QBS0jzNnHwGg
9766,1iq0qn_KrmoAsvl8BjxDglF6N023NyHDjCRR5Yweu93Q
3990,1MDZ4kHeYxTlmEkcb8doQNzqknv7hv7gvQHPq_6b4zcM
3556,17JK2S8tDBveStp6Iq76r4Jqqqh3-tRSmC5fKDAogYso
3665,1cRaKb0sqasarrgSlAH4T5Pia5fo_q_tkGwnc4K6c9xM
3987,19JDGx4dp6xFJ0n9e390raZKM1h2XWPX0gWch5BtRmD4
4320,1ZsNig7AQqh0BZ4vJ4QhC94YleLS8oVViN2p7WZg9ndw
4427,1_qbVzpIuPs7NNBJYNeM7yYkpQ5sSTH9aUoZwIvrjzDM
4726,1P_lz-VY5ojZvxBwF9yKvlJF2mdrnlI_pNoooibvHXP4
5704,1tAnoooRaSb_hmZ0PBsmqfOaxCsquO78PLFnMcicdgxc
6184,1MXvy_UcvqAR8dZnOPlWY1vhWogyWHycOB4J9zgqi4GE
6754,1XuvidL2YiSH-EYVp13AccLwiFI1N6hiAYX72vLuCbh0
6963,1Sx0GoAd3J2bSBSbSHyuZm3oVYMff9KylcYyxEBU0Ulk
7974,1_D3Ar-Kpum0GqlgknUB08wXnhL4b7cLL__A2FLoab-Q
9467,1Z3cGYnxo9kSCoQ09D-5e_DLp2XcI6MdWkKEHMpqAMac
3110,1F3dx-pXYTf_DPeAAPQyOpMgOzwexNl5hvu9HP57POcE
3038,13_DNDJ6x5Pl9MM71gjyCbF39KMWOf77qUYyYQijHZSY
2326,1oyM5WQ2FpujpbrOgBfsFb1qtjZ0lJG01tbsj0omXO2E
2384,1KHCny69dkwDSguQDL57_0iswaY2J-k9DpQT0IDRBW4E
3046,14Lo5jioE1dHZnU9vsHPF5leXuHbhcUcEkp-4Chq7rpk
3064,1XKtHK0em8brNPAYo5zUo2UlPWzKoaBZkCvse7vt6ioQ
3349,1FgOTU_5M-lX3UDylTEhTtUBEtXpAD1S7xTp2xR-o_KQ
3479,1wL8rqsmxlLv5a8G-gWsn6-2Ql1L_2ONsP0x7wzvPX9w
3687,1FdFjs-ONsyzt4WGnp1xG2zhQkJb-yng4M4TEXilri3M
6920,1YyPpDDDWpBrCvs6DeExR_B1XOqtUPj8zbZUYF6jK8y4
7309,1pUfyn3j1OlKJzdVTxqunb-3B5PecAaVj6-R-4r9-3qU
7550,1rKbxtIeNGPy1ix7pVC_oC7tf382pwVpj2H3bqtkzbRU
7564,195ZtlezMoZ_MVz0ETr7RzQ_A77CtAJlEOcX4neYoKYY
7816,1WfyaenuSmyrqHpXtoSQ4BEFsi1SNz40Spyy40_EHxxg
9934,1WHItq5fnDcSM2mF_QiN_u-Vbjo3_4Dw-_-3pLxK96uI
1357,1o9p0SYwZeKbIZaJpBxJ8tpEYCfLZbL4LDPwm-XvNP4s
4588,1QwWnm2kDJ3CWMIDA5RmZ0SP2uiHqr1lceRs5k0uUOdU
4344,1BbIkV3NiDFAmJwdMycYpcJxDNLKOWmUatDoKZSqsg1s
7748,1kH_S1pKYzNgI4m3ZEqVcm124LbV7p2j8ierChdvpBps
3906,1K6WdpDeIGJNcDyYYdbe4Azp_jJ60MwZELw8-3nFhSXA
3356,1O0XXyZjP3gqUSjQkrGEnV7ucg4H5kU32ApI7AZ0beRc
9434,19ApfKu83ll3jR759sZjDk2g4vFT9p5OB1GcmGqVF8e8
6541,1y5cvLCL7aS6kqnDYallGObyPLxbObavoXTNuevjoJg0
3092,1aV0210llRrR9rDHqB-dIJ5MirgsdFhP_FCWh7Le3e5Y
3967,1wVT_0hDbjvpgaJjDk1WIdzFK-_B2fm2zdSzqQA9w0co
6861,1JBH9ED562VL9Ww1tZC9RqhD33dOXbEjaMT6D7dcZG7I
3627,1yTFM9iw5-ihOP-VAhxbUnhX3nQC8wgVGfKCCrz1MEf0
1570,1KlLjKqIoN-Ctrh9SVGi0Oz-pteThbNOm9a2xh27nR-c
6033,11UNX2Fq-C8trhPPjKaGJTWX-zQsYt0y3CHWq6eczXYI
6071,1MgdwP5lgFfSlHgwSAbW24nxFosmsuNNMRKZHPzrNlfI
3652,1I1pbUXkzyo1v4T4HQztC_L-1VWw75IzYGlNLQDplAGc
3962,1dCsQKnfSiI31gA670PK9jixfWPm1KZBaBbRq0YxavEc
4238,1MCEU_qY8bxpXsbzk7IJwChaHo_UxyT1MLq_M1mJrdTE
6155,1dz_FZPeKAVDRUCwFmUBUiY1gJUs6M6aEcrv4cvjXf7I
6246,16dS-6MO4g1VPYZICAmxVleObP4fY9V5bQ-TvYbYJTQM
7827,1bJsHjPWZDJE2noCIDsgCFarlVS-l-uXbqpKezdDC6jE
3477,1oOPyI9_leJNWfL1iTEvcRH5Y0KmsIYIiRq2AOed_MzE
8903,1R8CtwxlFE2snHkIjX_ND-XPAh01kCKCDCnnCLb6J_iA
3467,1F-o8KXPllpXyzbthehD_KGI50V0V9VgbZJ0dwY7cRkE
3604,1V6Au8dvcZrTGhPAINSWHcovWNDpKBIlNlWaSYyusfsw
5697,1X5Ei7PPYZTFTatUTNdKallYUxjVK29hmVzBfS0PSLnU
1795,1AqUQGr1TkLY4hmbu9d_OlRzs8nbNmzhVyeHIus2j9jI
6580,1-ZaDJ5OZo7CMKB69OC9UQPbCy0Z96yHZrbDuMQLcEXU
8885,1D4GiSQF_p9PZwRw-p7HL1yEnKITd0_x3hI1PzULFsSw
1844,1mjBpW0rQnGeUh04GIBUC-RcKfPi3C3ZAFgwVltK4aPg
3695,1chDe-OeXHDF0pRJFdZCKLnTfs-MSrTcbuvFtCQNcHEM
8886,1PE5GKfR_oUmxgyl7HssS85O3NyLhm85Ofajpp9Ke2tE
6335,1wDcTAo_yA0Ou0ag7Mji8Nz0mok4iLALUd5TAvQfxgoU
6694,1qTl8KpafUxFGeM7Icbsh7HzPcxF5QuxcGGmPjAd4G4o
6867,1yWvARB2gxvaB3pubs4vIecZQyNsYH7U0pZVI1rTyobg
3241,1a_ErE2sNu4g1xYTAfTbkQGGwmQEU_wl-LPAofUtGI04
3524,1sEpwYt_Cma8hjYy_WswUlcMqu8RGxMjhu-FkBMRYMQk
6267,1p2xkPoGj7fDYtIg3nz65U3kmVyT-znxAbVzuv2d8LQM
6570,1iirrERzkt_ZygmYY8Dmnrd5be2ndzz5tctd3ypabiHk
3750,1dX89bwNXzOm9_c3kq1R8zA4HDMdU0uXLikN3vAx6fVs
3814,1VykJr6MpDLZUnldaBPK9AfaI3-OQYmsa1Paa0gUEAE8
9625,1MWX8HplQXtF1uXtj1wzECKh4Tt4mS22TrrkIaEvzEyw
6757,1VH55X4H5V7LC-Lp8a3gIz76Ac5O48AsUEglfgRr9Cas
3461,1qZicUNcUGGbQbXXU0vuc7S_sGXFDpq-RFgaSSBaXLH0
1739,1x8Y84BxXDQFIRKiFoSrso5kuMog38KlLoXgH-ZY-VCc
3294,1DxiWqrNup_6-8PYoNk1Pvu98ABPeZc0YTa-YCGYGQ5I
7781,15wMUgwv6F84Lk5HVKOTxsHQc1XnS07QI4jweDqSeQoc
3647,1JinAyv64qg0gA1G8dky4uH6EKpmxOmkWngH71oQmMLc
2436,1hePzVVjDfdrvMvq7en0Vq9FrAeeCoKf85RDpjN-5Ogs
3489,16yuQ5xbc9jyluWr9m5n_50M7fPhTFkHDJ-EthJPdvaw
6032,19KveAdBLEhbX7gdQflfDo6o7f44vXxjVb7mjngYyvAE
4356,1Fp6a1JcmP8JHrMHWulPUqjsCBb-5G2i7sz1SnkgIFmc
1431,1VV48GbbXcPO07acaK__5ppxLnLzw3W8hMyB0pocR70Y
2599,17CMFvdFCxQY2vkwQgkCQ92g1c3_DkTiVnC3fJy0dP6M
1826,1_qawUnV4twCIyViltl7QOLvCxNwSaQxB6CLY7CPeVYg
5941,1_heY2AqDwylKZkc4CaMxtvFoBbXnoaLTeR-pKgVWNu8
4952,1oWwATKoeYcS33H7gekFYNnmILrbXeHE8JmU_22yjqqo
1994,1lTK9ohn2MjJu9tIJFTEgN5cWPWIP5wdIFWLw1J5fFA8
2162,1b2SsO7ZQ11xJ0XmNs_iZ6IZipXDETlB8P5tejh7TXMA
4323,1R1XQjPDLjg8jgGot4Lg8M-Elp6jsMQVMHTm-T8Oz9BE
8893,1Imj2Fu56LVojGFn5tTpSwdBVEUHxORLNTICqkPwmA1Q
3440,1etj3ZaRslEHqfL0ZlmPawWKQLGKy_CuJBA8rzHc-bP4
6362,1UzEzD6q6mGA7QEYcczOB1N6zeVFHscHxNyCQq1TBuX8
1420,1CS7SuSvMk4_CRMYw1iqYPIXjykqC10n4v_79IPu-F_Y
6164,19ezRs-ErjnbtlVTAieo1e2VXSiB57ewlj-QjsvKEwZw
3538,1zMpYavUE_QrEyLzW4QzwcrIKdeXK7ewG1BSHjJuCDbY
8144,1WxCBVfVQ0KaXA5bwZWeLfigg6u8mkUVdicd1RXoZ33g
4098,1eJhGhpfWI-qSd5H5l9DzbUNH2hd27_Lp-xit1mlUPTA
3550,1MDhBiYzYhGqcsRyBJsmtDgH6hAizAYoEpwQyvonFdXs
3323,1K-FyjbMIsSKOgSVuW19b9Vx0JtRBmEMY7L1zy_D_ikE
2153,1e4ZhzHj3OoKAiii-_kjD5UfnTMbq6ma4QldOZ64gtrU
7559,1R2bQxQdU6DN71UrlJo-bLdxXi-sst8hUFmwwLccWUvw
8732,1QNEFmbYLRHLdYWU7WIjsxE9SIurhXHOSLd3bLNe2HJI
3934,1urXJD0ynmyFf7itVThnMh8NHm-Kq3Z-KKzlgjdJaVNo
5922,1Zeh85n_OInbsZQWb_6cAh1GXZmzyQBc_zwcRF8NHFOo
3919,1vguaeea9A3RE1NF_40xxFd3tDFCvMFPYgLkZWa8_ClA
6159,1jL-073pw51zOmMV7pDs6sJYw8ik6y2jeeyAKRnH7K9Q
7722,1xbKHWfHrkw1t0YrNqMl-fRPBR5RYRLqLsBkclsPzfbM
8887,1A4G9OG9XLk4aIQcPksfruIYeZA1yFcTD7nXabNXR2PA
6059,1gOaRcKOvdvBhxX6d6DF8oDXjPyU-fNNNlPzKR_06I18
7059,1V-NtAJ242dvXQbMVitrE3UaU1hjznuammMnlGmmYAiY
2676,1MogrNxlWgCVZPJpjo2fCWu-e3-Dp6GUp4VsgM1FeTUo
9233,1cwYlSUZbAajKfAdWU-y2I4UqUX_1Gp-VYkqmb2W2gVI
9057,1ZxeZfW7UhWwc5aD6PETE632LjY6yud4IsvhZ2JN4uW0
7539,10T0Krb23UO2PPzN0F0vRvx5Ni6a3Pjl7yM-OxHZcDCg
1960,1NF7GGiFvUV_67SFnhRZMmVKg5t-3U5YFlZc0QQnueaY
4987,1wLbMiN7e94aw9NAGYCV7w0giKZSfFLAFJ11X56Z2P8A
3452,17E7YuyrIhOVoU-7UzPiaj_kv0FGpAXuD7CeQCiOFVTw
6331,148q8FJiYZf-mI7pNxsqbnW345SBMmpBfe4-zquceLsA
1726,1ZqvIHiPVOuw5VyPytEMIdI8JJu25oh06OMMaYy9ZR6g
7745,1QJ91xc1eO2Bz_OzUHW44qJljGTOM5BLPmaKJLhlh1nQ
5290,1k_Q1DPtkwQSo53S5VZShKA5xS24p3g9HtwM9mqhtP-E
3482,1g4iatNe366UwYHPURgUdUP8ivxPUWpthXjXhvphn85U
8929,1Lphhn1f9TRc2ShMRxF7F-NwuG8Cp2jYAb4YOpe5jnY0
2301,1uWPhyZWmL5MQPFrR6m-dmNq3WaKVo7koqculpIRFzOI
6535,1q01oX2Q3OamOt7ZQZQxaecu-PhZ-uNWjQJEQdqrgPms
5013,14FWHy78jcaz5LMmbSEwolTS_uAWAzslX7gF_4liOnos
6089,1WYW_EouuY402y-AnceLoyX69SdKO063i8xREPVEn960
6677,1W2gyAW6IlqmlBRy8lN_c_PBUA5XToqC6q6FqB7jJ2VA
8917,1V6UuBapm5GPD1yre9DAdXDGWETnTAjagQJGsHHo-bsA
3772,1DbHcF-7Eysx4XamxL5ZbkKwL2j4lpBcBigZqbeA8UrI
9270,1CtbGNlr8QNVFL-ZG4NIr4O2yAdaNqsjgSCw1eavA2JY
3546,1fgIHlcu5_qyW8JmL_9o4zC5ZYPsGj9hvzLZWCpbKhYM
6257,1-0t7AEQ1VmlxdCz1UjSAfCEKwVXB68Kr0Mt3Z1SKnMI
7199,1pIxDm5ZBqxyLrWx7swXxhhYSoD-IwKBb35en2IlmeBE
8877,1M3IVDl-Pga7KTslEQN9u_ZHmYssTeQUq9iE-I2_XxNc
7433,1eRCwVnqM_Iy-e4zdAcl6Le3QN5ssLmXb82ie6E-H3L8
6306,1iRSNY0E5FjCgV2YrnopgNLwFEHOplyebbsRpPujs--A
3228,1NKs9d2NX9-yudTVCgOskOSa51_djy9eBmgnixcJNatY
7820,1CzuR2v_yRKwlvq3cOHJQes799L6aByIvEz1NX9JvQVc
2060,1dSzZNa7qHMzBW4OcN-eoxE5Sw6IKmSXTzb13y8QAsIk
1301,1BL_-0j7PfJRnYt19dVJBmoFQ3_IGfMSST6mfc5vaEVg
1407,11b4xlulCnJTTOORodKHF-SXaqLwFBFq2wH8Z5DDOfcg
5304,1yOI4Rx7ol0vT__E1l29fVEN_xZv7gsYkoIaotPEn3Qo
8198,11tCLBGY3bS4CSKwfZ-IysNygWWjvRgteoLM8JY-D5LQ
5410,1vgwXI2enLBT1ymqcbRCF1d7H_HlPK_J12JVM4ZtKMyA
6569,1IDPcT4KypzwyN5eWF76bfJfI9l-gLmoIy_5uPemQzWQ
7173,1_8jVkVqW05ofCkztcEhQ5pPqDNscdOSJBkTw9sFvuPo
1890,1RNH5N3U2DCGO3NesKB46hKfLc-MiTc6JkjT1DsCSz8E
1954,1LJeNE9t8JhZTew49GudvuLkCdz-k6nPX82i1GZvQ_KQ
9277,1aCckKfu9900go5sB7gE1AC8p5I34mVHQvsFxIfJrrhc
8897,1H8SijC_G7I1-Oq4B-P1ixGQkk0lFAmg_STQ-pPWhjho
7905,1VZlD2mp9W-2IjE8hgqQwsOz3UGG6qu6xPtGVMzwm1VQ
3156,1C069vbP-yeE-o6oOA9TXNwwAEF-jK8CtFWKacc90_PM
7172,1ZxjMi1KvosAGHlzrO3ClgYIuOCmP5NlTWZre72Os7JE
8923,1-dUCE05xSX2zklGb-23TAk2JACm3qnmo20OiFqotxLc
2362,17g_dCj1hzP8G5eWiQyv9h7aVTsZ6tuLFKFJPgfPUhWo
6379,1jwb7d1pOYHYx2FMcljwvuV_bnXs99qGM3pXyAFy5jBs
7198,1mD8yYFha3j4_Dlw9iwE6JedWBiwcARqcK1SjsXWhm2o
2146,1ml-Lr0htemPPxDlReAY7erKg9y5mhePBqUh8zYjGjrc
7148,1Ga7Z-wHip1VzqZXiykjQR3uexnXR0rz2f4gAtjuKsY0
9956,1oOE0iNPOvHJZGBS9v6v9mBo8c9cn-ppfu-MZ-QW8FHk
3254,1fsgEnnBcRL_WhtVpbcUp9rpWJQZ-iyWXhhGzbR5-rDg
3386,13UMFMNM8EgCXBXGbJVugKsN6Avrkswlvk4rG-5k_4HQ
4528,1pfc8Ml7PqHGlmN4KOCbrrub2r8bYRzbwJHmdYdiG788
2370,1cBPKmNwt35lrDqaAtzWB275LkRhxKS6v3weVKBuoA6s
4564,1aGLZ-lvRnpER_pXASlp4wO6070Y9yEkIbJKdovjhxT8
4587,1vYZVw-WygHlVpeMd-UFWjMUV9E-ZQaoWrmnmB4EI4os
4974,15uzKc_oMKyF0i6YjkWiWMk0hunG0gvWje6GS44LCBb0
4592,1XPk82veu-RLhjVriQdp0oz_ZvN9SbJVuXXTcdOscrEE
4565,1h95zMP0bDqOuC8OVTjg_i6jbpzJAXeWkOCYxL06ZmNw
4583,1g113pT-VGTj1JC6MACvAMATa4zzempaU1Devt52aQdw
4572,1--bbL6a9fLB0EUVGv72GqjpzPVTYWEd7IOCusxNp4Xc
4875,10UvdMlmi2t0KGhmf6pPUNmr6DQ9oaYLtCMKeU6tH69I
2191,1-EP3cvevHAzTBEEe2ria7X64_E19yjYmue8aWD_KVek
7776,1O9zRDgCP-i5N4m0w58sNg9idiEJX5GMgIp9_5m2Xj2Y
4978,1jmRMW9Ej4Y7v-jbCDNCTvGV1EjjQliImGwylFEJRO-k
6981,1pz7jovYhfYRmeBwnOHFMx4PfWMwwAJ7MdhtOu5ou8DQ
3891,19k-FRS7OGjvowNRUhiJxFjdAWkUTOB5RN8r2PKPT8Sc
4080,1j67rjW83fB-YkL8QLuDcQSefTcQ9Y3wh5seakPx0qWw
4217,16w44yqR9hxKxUI_6Z3KD61FO5lwDB2fqaIdloSB3ehU
4027,10iCvcGNyky3VSp0h89uJLJ5zeV9yWwzfVMtFX3UQGEc
4028,1TrkY7AGHyDGZHoa2BZK6ErEyZxBMPfgAKrS5ELNtc88
9978,16EdU-XU6uImQ2Lou-pN_pYXFb9TJv2YkMX4YgELWh4Y
3159,11YW2NRpIyUz_-DGHX9FRB0JGqCEzjKlf2g83G7CRGb0
4593,1x4DUs3eZRSjahoewfn_eBbRQpT70Zh3p3YfGEQIxf9Y
4563,1BY2fazNBcayAf8VrA4IOlqg7XLIIAHce4hIr3UuRqxI
6955,1qHVsvGvAAZ_tjyqs79Ir2wu9S6C4iBf88hvroemIPyw
4078,1tFEP4CaiHtPVX1wMHUuTQMe17EL9CZi-o0gUXOZypkc
5727,1EG0J6LjQEw_5wpimGJ1mPsnRlX7yBN-EXCA2MVzpjMc
3864,1Xs5uIeEhLAoMoeyuQ2J3sSPELczJ83rUIg-K7m3o5g0
4112,1h5yewOkHGewXKdq6YPUuDG-IrYUw_wS0izsTfzRzKiU
4205,15q4naGH1gCLHOihCjqzxPQEbx8-PlC0ocNNJJ5THvPY
4215,1y9zcdymvAf4xhCuwzBIzaEO_Ky0RdPqW1qycoQdj5_E
5998,1bg2bGzMzf3OonwN6CO9T8wFV17K7Yk8jrg5N7o-IYhw
6568,12kr36oDY7F1K18NpHNdLUMEJALZNA2mjRrd3NqBqxWQ
6965,1E94H98rh6Wo_5vcsAwxPB9WbUFa181ze1I95evSflTM
7915,1VJnOLfY4vwhy6qjA46BZiHHonbmsR1j2UgiEHhrRVJI
7966,1iWFLdl2oPhMKq5NOATrAHnvDgNUX1JnwEpdsYVMj2ek
8101,1E0eLnl-ASn10Xj5eq44-oRC5_uM1lwWyIZxZAix9caA
7238,1GmJ8J2vQyGZa7CLf1ZXkVM0LsRY_Ehba_ATbU6oit28
6191,1pUWqOJVfawGyx4vmmtw3cblqGuSoCTEsXm504bqNEIc
3277,1wkXsXNXR1EKQ9R4fxnmt313DLv6izm4uoNWR5be6iag
4245,16oKGmlCsywxTRwYK10f-_x34lv022OKqlzldf6C5oDE
6062,1W0Cge1urYX5_G7G385Yt0Au6Vi3boW7CwQCnUoBkt0w
9263,1LvHjE_Dp_4W3LynYiH-jAbu6pSPc3Im8oMtf4luTFFQ
2485,1eO7d234FuIQNiV2bxOjj9ECRhbhatXRqJni434ji3Hc
6625,1g1ZwEHJMChUkYHoN7-FNnWD5AAHD_akKEz3uMZQfWxU
3054,1G1BWmy1RLz1jLk-Y-_lTFJBOd9TqowAvMMqkknbP3cY
3021,1rwncyObJP3lpchv7hKABRqrFj2querH6hZszbFUM7RU
9889,1SER47mbmvRBu4hrW8tfZTSxbI3E678D0x3uyDXt1tFI
6195,1yW-f-pvyPbpL-ustrufz4mqPQ6JHyT09uix9QOdhAjs
3912,1XZg7zFBgHqN0nBm9h5so0c6I13z6sH2A4JeqVE8NHjY
3914,15IbT7brSPEdO6TRiE8CrEsFBszE8iCu3yrtlkPTyZsk
4428,131ns9AFs0QcZxoWfQNZAB7syRweSNtLhmDj7vLDbGKE
4431,1VcwymiDyeD8D62cmBTCF1QutrGqR4BuWiqIPF-XjZ2E
3997,1AOmtKecugmG3crfrbEjOZqdgwduBipg67t-hKTBl5lY
6552,1qLRHVRz7ULxs31g_ceZcqhwCjyomTShXioOEqEljYPo
3137,1EyBrPujj4t5swjzean0sKbG0lTITHL_Du8HETpdnnQQ
3446,1_iIFpz0_D9bffD7Gxc_XHI3SX3QqUKI9wkHnioVYDLw
3454,1yJOGg_RbH_NqfQh7iv265wC4-_mBqVbzX3lm4x_SF68
3682,1FhvG6pYZeEwCVZHSajUI3ySgAxpwWMq8Ar1fUoXNsuk
3901,1lw5YBEsCR1wXkqGzvIlK24wDyYZbArBhQudcUuBwO6I
6072,1FqwC2iMU32rEtidzgKaYV-KXHBvXUhX0eQJvWGAthl4
7721,1C3TsLMX0JSYF4Jp2nGcGrpuymDMfFYX4Kr2yXXDk0Ek
6946,16OTZxbYypQdWQP9N2mloegHua-cnu95Bo720Pc8DzOI
6203,1yaW6rTtydQ150cgwc5BIdgXqVhhV0speo3GfJWvdYMQ
7963,1lHEs8-Ha4V9IY9Xo8o2HgVsuDmb3Zyysg2ataTe0sBo
7980,1fMJbenCbmolU5OVgGaR9xNine9itl7TjyS5J8jWMyag
4274,12eviCIER2xbmBZ5n5x4ZspV-wfKeYpboxs3SGq7xHog
6208,1JNvb40-PiGerVPBpQKhRrq_wWl_ljDlFGWZHKHhgF4c
1557,1Vy2CDg4X7ar2cwBB3teSElU8TInojtEaBhcP_YOacqg
7777,1hDMkNTrRpFY2Js61LtO7Zhig6KsFzSAaQPFE8n4iO70
5287,11fOLSe2QsanOsTc3OjzwuhAlOJmH4phhLwibtt_scgg
6171,1wA8wuKHKz-dNEjP4mGFyzUW3cz7S010KkQEj0Xbl7g4
9678,1X0YORW1cMVHZi0KbHL_zmPSiIknw7a5hUKbGFbhxXvo
5807,13n7PM45k2PZ1YMgrp0gKp0RoaQjXtRnCfjugTFlQEnM
4825,1uiSuSRwLG6M9Ed66VgPUVOoSFfDIQFxmQ33RSgIDe7E
1914,10XXhlrNsMzAAmjGFGtDgWGNyl7GJ1ox0oyZIeSQhPKM
4318,1eYm55rZblmHzxw1GuNpCih2owXe99h9C8Bl5hOSd0N8
2410,1yF8aRa1qGrG_hHdRmQoKV5p3MnwYtdBtg-aJwXvgXpQ
2163,1VplklLKXPFWBWA9W8UgSxrbvd3RsYuN1PE9lZdKuIE8
6551,1Rzohs-s0xJwvcuy8JdXuYQYRo8lzFg-BAYXl3TTfKGk
4848,1L7lmLHuv-CUX2FkQ82r-p6TNXLHnReIWUHAK8cj6S7k
6533,1kosF-isp9r-0aH93BpFtmSHLeFjvu9fikrXC8fBEiA0
4557,1aXFx4NW_rVLr94IsGYD1KgMedgD9qu-t9t1EmlzNDb4
6502,15qAONOMYUHBsHhfU5nfTMz5f_OJjvMrxEfsG0zDLzBU
7936,1BG1_mOnWm734DFqoVP4xUDHUcoeEtuMFE8P3yzrpBsY
8111,1BpFjnlWDWRokbwU4z-DVFOGPDtsuuLFyGE9nCT7o97o
7058,1UNhmUUxZ4qKLweJZfIQdqFEemCrC1z9cb92zzn1NmRs
3498,1BekvdveRZJasNUGCPYt_burNeuw38bbEKMhQpWX2q_Q
7862,1YidKoT1fhd6kgAiIYIrhCloFx72uplQSO7h2hkyDpKY
6145,1C-wSnkrOLejUHGCpQz4TEeEo9_MEWQ4VpVzX0KGMVIY
5162,1nJIS_LAYSKidB_kSk1t2OU_CktSVyi4_a36jlrAsVBI
6287,1qhGWWGVxVt071Lr2YkCd-90U02lDyAgtw6pIsERHzcQ
6664,13Qu_qRAuJwoMmzYYwjY352P6_qfh-DzcCXDA-QasFAg
3753,1ZTEhdEUwXBs2ifQQjfrPclI_aqq7P9Lg-PeiQSZIxoc
6945,1B9VQ4dMa0GA79Jy6BQFxxR1iF2cCqzxiASnj0Aw9lBw
3837,1yHo-3DnJSjWkzKV30wFdYFpQIkxbH7Z6aNN3wj1IOaU
9972,17IRk_8H6vgARUkh6DSQc1UVfZPnVnLWGLxUFjIsP1hc
7919,1mOb0iVgrBEn2mBMdiVRyUfZzlITkdJXErBzClKreoGU
6666,1z4-RILkA8FgbL1dot1AowzIp4UahhMmU417mDcuCswM
4998,1cTwTYTSzLzw7MLkX-_JEVZEZbRxrZgFw-HFiVw_4pls
1813,1h9nXJqATDyWvMhZCm86x4K5iKc9JyFfkkaNxYgi4wko
9699,1-komvVxseQhdC4KaEzimeWhwC1zr9eAOVjRxEA2PGaM
3030,1hRhfPK0FW1yrKQTv4KZKMTWWIqfu3O2ioli1UrwBbzo
1414,1GGOgJ_4X3zqrYrNXgt7YJ3U73un8VTtLI2QP44Stqvs
1719,1MIEVBAG2Zoj7xHzIF8iXzenNgNou80mcBARB-AEY67M
1743,1p4LCUa1G-WXQwgrnNKbqu3icbOjtugLFZhDKOH7v2DQ
1787,1qiMqTvZBDMyNTC3MJxVOYrqRjsTVF1HnoxV4LyhC4zM
1815,1wyQAEFM6zq3TaZYH5NLhx08iMc-bv99zWMYtSE0-Zc4
1820,1cC4VPqGHlcaNETnRBQ79F1o9mGm7A-JMPRXFKxzNjfg
1822,1aOGVECmpHLQrfrPea3F9FT9ZdpaTUoUWR84teVJUFmY
1835,1-g4rf4hUmfGrVmly_lRj7biCZ5oL-vWMplbhD6hRsKA
1848,1DjweY2as4hE8MPlQUmq-nXgrxnkTSoWbwtQU4pQ78NU
1860,1Hy40hc5Nx3R8pba6ewGBvGZg_WR0KbhXxoQOqWu1BDI
1870,1wjtNfKzIcTekZdxGDfD8q-lQ5TmLrh630DfS3nYcXCc
1871,181cSYAbtW0mCJbTpixe9bzwewahyVWFX2bfE7PwwMbs
1881,1x7AX4tAwbLeeozXJK8mQ1qQld5twY5xMkbSz5lrMk3c
1882,1vsWLFY1kmAqNZPq8_1AofLcfiQsoK-bemcW3vjPgVig
1883,1JSGvtPf-5UHFRJEB_l3-Ro0gwVW48IaoCUpxJ0JCm_0
1884,1CXhgkjwZ9ZHEhplG157KjhklH046dFmpm9ynwkQycx8
1888,1lzqAuYEj__xJ-wvZ0aFp445K2ujFEKrmgEKPX60nyWs
1893,1HMmYAIbgXJRD06vnZkQjsDjZ0XG_NyFWaQWQmzvgeQc
1898,1H7z6wS-djXxfvjEz9mgfKB6iDK6tHDxMksBUNRr2b_Q
1905,1dxsSQYtScxlWrWwjbAWKRrb3fm3sbxYqrHXtnvns5Dg
1926,17t3z453wkVYuQzSRLK8h5ZHhpUnVRpS3mA2p7ZyaXXk
1929,1_66jJkMvK_cO0if85UfPtMvsPzmx8ztbV01ctBiUsTo
2151,1Q03vuKTp28sFFg7_u-JeoktfcxZiCcSjtLu3bOvAp9A
2445,108RJY1epJyntisiId_ZMleEeMGTT72AhG3RIfJU2kNY
3431,100CpMBxsK5UvPceOqtszg0ZPm36AiUaW6_3IUoAmJ04
4669,1SCWpJmxSizyrByWd1MPLHtkgLx1R4V1Tvi_3FjYPl2Q
4707,1SGIGUuxEBlNwu5aOxRtM_-aPBuxh-N-BtYI6BgT-aMk
5186,1PvP9E5OaAB_jlxqGugs1x-1bez46RKmbCAmkNiyORAc
5911,1XebSiNcENha-j0WA16uVMj3Hx_m9SSAvoerph8HI7uc
5912,1eBgET7hOeOVq-vEgaBpWwarf4kcRa2YdFXhyGLawePw
5915,1OuhP519oYLkBvn-ocNc7ygLKsc5_jFZwlCFOHfCu2EA
5933,1jguepO0xLpBlIoCmqUC8JFIE6wJKa8apNdyIN0moH7s
6282,18RC7pf4AXbrDKTNJ0gccJYRhpdI3qmL9xHXATdGkRVU
6289,1uLTmRrqm0GhGpCdpfuLg8CqYhCEc7eQfU6BvMs0Iqrc
6358,1O6eROJCpRMr54MNLRFT2_ls4n1TctsY2BsRW7NKulY0
6395,1mgfDdCYYP81cwpaaGJoCCs6QtF2hMnxDxOztRFxgkm0
7057,1zTMnTTZeSXFFF01RfBGQs_1AwZTNfz5l0hhlJemhNno
7224,1RSn9qmDaSN3L-OrfN3WEYJMJVBLvYhORhIJxwpPtyDM
7226,1kNre211-EuIcd21h4S851wQ3_OyB2SzeAHso55hRG38
7821,1KRXYUegRDPMu-fWyD4dqBh2Y-Cx2AaoX5Q1qQ5vi6EA
9991,1vmfsevV4TWIzGWFfn76aGgMOo6gJHZtWkdXi_HLezdU
1417,10R_v12k4-dr7DxtTax76e52f1WQH8V4zMdFWrPSzHyM
1789,17LxXRMcz8IVv2-hLgdqcY_kravLCHsjSHhbGfMDLEnI
1951,1zTtwNNMCyjyzhjfjElwsCtfZ5cTy7FXfVNbh2u4A6lQ
1973,1pR9COYP__V4sDc3DQzBlnkF0vokwEQf4kkfx8Lde8hA
2375,1KGWfePgLARw2fscsGj7y9ISDKsP9UPi401LH6EKSUP0
2413,1Zps6yA94RTwex581KsdyHqBRsMORNX4MTHr_dAOCEHk
3040,1-sdqjjpL4X5ZgxL0bEgU-WYjCE1rAEdiUdyyiCM_74Q
3559,1lXK6CLrbo3I59nQsCGh9EBiUnb5YldG8gwWWGlG6D_s
3661,1dDrpd_rFllRjjifdOl-3daxcMeoxL0RZGW8jcQoZbMI
3776,1ISC8sREKEdKJXnG5Zu23LVGW-6LeIMlHb_SStF6-oJU
3842,152_zpqC__S6LNvHXcF4YnJ46Q14zIq_1HSTf2VbLFGs
3852,1hfZLcQwNsByYc-RpIKZYdzHjz4r022r2BM57P7OrZsk
3914,17XZZcPi68Euj_mwpzEkKvj9PluaL8pDwG7Xq4ZPP7aM
4390,1qZ-W-mIED34vT0hU32G5ZJYSDPuB4pQ6FNpCAEMMvn4
4719,1yUuliOBQ7doi91flHOlaH2Cdn85LvfFBfFwmkmPrIJE
4739,1mjDrt81yUDOu9CuO4TLhe2aRcGxJNV4H1zp-RFHPdiY
4748,1VwGpQgIEagdyNKbrWkxyYjsLiiki_XaGFWjKceN5WvQ
4813,1JRE7jwrhybEK9VNs8uFdg5eQ18XaKBfJHQ8nLRVVBwE
4968,1ezA0DS4iqfW35tmNxhaqFac2cYGZqQ-uPNS1BNLTHRA
6038,15f0xv_ZsYct7lN7dn9GM0S5FErFWSrfUa0E3yI9bx60
6101,1Zq6pAEJU39ALFLPh5IV1AO5F4V5TW4O5Q77U3ylnZ5o
6235,1l3apKHD0Wz4UCMHfxs8XcunCmbhNsBbZEsbGG5x3QYE
6327,1tJA7K12TbuRFVbzqNnmV7-ZmVcv63pa10VHVFBMjLdI
6640,1UK1O0nbNC4j0WGPa-A8iFZkCxjrwMZ0f2DqDxgkZHs0
6666,1smtizfcQQ6Yvd8D2WWq5KkCQRo9bkg7y4zA1aNP53LE
6706,1jCGKn2bMok-J3qlTTDI5qlYTMYwPvjiEKGT_YEmUipA
6777,1eA6uf01OjcgyyNdntaNUAcoQwLV7x70OECZUowtjM_I
6778,1N9jGJqD2w_HQ0QhWxSCGN-QmBh5Mq8bk2RiMsoJWSmE
6779,1DLy8cOCP3nO5Lqs75KZI11Ltjue5ImHW1GWIcaES_fI
6800,1B5JBmzvO3rXYbtXgS4DpoYZ7lpoNLI1pxYGA1TNRuFI
6834,1JQElAcySqhFw5T-ZNYUJaRvtQc_iA0-Vj_fMlLm_Sis
6838,1e4ug4x64yKv21yYLN900vEPUtXLQRk_YdKLwrBqMKeI
6840,1ujDrQY9_bPH9mAZtaSBHML0bgPmZ776Tyx5rAH6DXiI
6874,1Va2ZIY0CcZsf3fizdDL7mrmwu1y7v4UA1CawWCG3njI
6875,17e6N_PK2a6cyPI9lzcTcJr1jB_wUV8bQdHbuhaw1xVg
6890,1lLOAQcwC2Ls7p9_-BBB4FH5Hpapi97p-GlImGQeIH6k
6904,1UhESz00y8GzyzcSf3sG4O8cWJRhMXkuETml6aiFRxxE
6930,1jvO9GTLYDo3VeqbJ6h9KJBsur19ScsldnySO0rubrWE
6938,102LXhV3zPlQpoSKYH_qjb_qskEh3nv3Qcvndugwha2E
6944,1zS3OPyJ494gF1R893repIpBSkoeRb0AryiCZMgGVehk
6962,15j1ui-EzvabDfabkg_J5H7UYguu77QC94Ionhrksw6U
7500,1b4tA6BzF4BUFigY7jEQiPiqRtW_50AstCTL8BDm2NQs
7518,1lActvYc-fKzgSNaCXa4YdxPDbzkdb0fQtRgn4ndcLfM
7587,1RvKblgvnS7YWXfUB4OIi4DxHovPfXXtskqQaSiY3JNY
7746,1QG2xxAbGAD94jUdO7LQc3a8hWlnMJJktF8O_eogrxMo
8056,18vrq9ZMmkS4wQKBVdQLqkr4bmb-xcY1aS5deQb7aDuc
8226,1IhkMthyQ3WwJParlJDJBhzmhLweFfkbFJKK6rF-DKzk
9424,1DfYOnY1QH0arNj1_VgzdyzhGAYYazsRFPkxAnH7WxoE
9702,1evdpkQ6bgn3ZDeJC4adt7EKLqfv9u-XBwTP_ojRbjZ4
1414,1vip0OjwXFiW4eGN7XD9lqvryVZPLyh1FCYkzdhshvzk
1447,1sp2XE9c55-XClLrt2OL9lWL68RcgoYIKX1MBqVmTy90
1719,1APslx_AyGh4Y3bNKGDSi20DU6Yv3wOSZGEp1AIdd7Jw
1720,1viOrejO-4uLd6KYFEwlfeCecL-sOZhuQMTDEglSNoBk
1730,11_yQmp_dD4t1O7BhgChUJKRH1be8YiEcgG4o2yU3JoU
1805,1wXrBTr7xUd1Kf31K7byFOFJpmZQ3nth8I6FpIeVgKYw
1811,1hpspawRsxD-_YmJPv7R3JWE9JqAalfhSjgcQMI3QH_g
1815,1RqtS5neUPlG7O3yY-S67eHZl69-fApooZJPFmsI0iB0
1820,1bkhyqTdD5q2wV5kHUOJEYPkMQLUYE330SGBMHm-4cN4
1835,1DNgE2Dc7x-rdid8qXKyhGurrzxp_Vg_zDrK8ld7FVwQ
1860,1xUv4ivo7u_k5qQLSr08OCsSPL9Nq9wpbtMFfUzzYfhQ
1871,1buyNUcPWoM5GSksLi9FHA9r6g2-FYisLmVAOVpohmco
1881,1I2JW_kkw_IVKVpG859-N8D7DTGJAvU50kXFq-1EHl9o
1883,1NL_M53wNLJWNFEFjNVD6UHXlsvJz84RRzVNwZwIk-R4
1884,1LDAxCDIkuGt6tWzOAv1s0JRLNPejjSGcHIZqpMDmH-M
1893,1pw6xQCgaKMorT_l38wh-z50u2iQlCPni9WdGuk6jDPs
1921,15VCI8bwHo06wZ8v3znYztz15iQC3eExHOPumIL2wdWs
1926,1JzDc7X85Hbe9HAv7wAx0XphnQhQ6EGAl6cISlCFjd0M
1942,19Hwyd1XzHMXSWbPkrQ7td4I729alReLscJN0P3pSpZI
1944,1bSWVM4rMZCUPdw58f6c5im9aJNKYmmbVdByEK1DYg6Y
1950,1m1cbtnGwQyeuOxySo5tUuNfSPlXu2f8AbwaHtY-WRlM
1972,1Wh-P89MaexkjkfkkV3kpDR77BCeXhzPns5LZpIURUos
2180,1GqRAc0_J25_2JCncyLZeKkbNnsDp1Cs_ypq2yCFIawA
2331,1H5F7ntPFMnhmFFJSKt0ebPV4Lup2nswbGqdQ7dbk5vc
2433,1N9EFM8lBLMlmXYYUPOcGQbjE8KoCQKCWXnJ02dEJ70o
2469,1uRPYFBgXdWtB2m2iL_fv_qT24xEgC-HbZwGKgY1IZCI
2483,1G2wNc7_Rxnxw-3Y3R7RKrmxSNUjADSQcrDIu2SXjdHY
2670,1j35tXv0vsN68hBmh4IDolcPlCTErwh9flE_wvB5cc_w
2675,1Ean_6Ujg9SLCpo9ohogDPUOzYdqIKb7iVTHRGdgaMCY
3003,1wK3bDz5w2isLFVmY8QXqMsBjC8X8oUNpQvTrNHP5WJE
3010,1kc2qGtJwK6y-TbZPRL6HqL2D8BUsC--HbLXJY4dzj2M
3028,1-rPmw9dxGGP0mYsTyuTV35I4HHg_THsDImX5KNVP8FM
3258,11fB1B4xpLIuqWSza94-gTm-xOhtlheMcpdjL0mgzPYI
3355,1gv1ioI1rVKit2GiW_gCtyyXEZXFG3NvRN8U7mfuO-ww
3360,12a0aBD-NAhuhu7p_-y63e7XVWNDO44UA2rLpNg6uB20
3418,1q2MTKXuoO83U3lcOneoyy3f8QuY9tXrt3Szv_lnGMH4
4204,1tIxUfbqS7ms8v0-JsZRHEfy6emWYBBqpL2rD3aB2hjU
4316,1pL0rShw3tQNvv4_IaurrISFP0V4w8V8sxYbBnT8QfSk
4321,1phT2FBIBmJYBzfnLPkYXWV-PIcCpY128rQ3nBkHNlUU
4433,1H9m-venOQxMw4AoQ5xJOMYbKh0LtaBxEo2SRkh5d538
4661,1qLdHGX7-s6hghVyKjeVuvF03AUG251JUOCM87-ul-t0
4666,1RokK691jYPqftymBpOcMqPlkfTvULcQGzGEJRlPviTw
4669,1ZeWT7V1JZ0M31kQU8ozpNC0KbQDIb47B3nx5rLlX4m0
4676,1_XiyDQvvl9U-w83YtFUZDoS6eBUU6tS5NdWzY8HerhI
4681,173HHV0f8Brr961R7D79fjpKzj4bh-IKMGfGTVMsIW0Y
4714,15Gs3IXkPHoUdhqh5p6fAToedBZbOLVghDjcqZShLJX4
4767,1SAJOhn7PiucWoyzf8laUsm08cGyjqOApNeDUjrs0Luo
4839,1ylkBg8NYhIK2-EyylBBnxxXC-_2tIKbGmH4TFJj9B38
5142,1KQNBNCs8_NLN38oKckuZHlQVp71q7iFagVxDmsS7ry0
5194,1sRCwe3cnjAhqwKZ9MRzx6Ig8vlfpASQIkgd5BcZpNJE
5288,1DPseZ7B7PdxGyESEJLhKpq6_BgcaUKDBNt4HKuVK0Es
5445,1d0SAtHgr5XZI5C5GejX1uZmZRtfOgJBhnejfYJWEd6E
5911,1ytDirjZilbDqSz0V4Ye2p7n-PDOp8aX9smp67lHQ7l4
5912,1MZvHlS5-QOLRkITiXmYwxE3oZxVz35zdCs0hDiT-zaQ
6072,1fdIHEYbRsV7qsd5q17VKVWpjjaTpU37NBeAwXQXuDvI
6074,1JVQYIDYD9VKEUxXPXazbBc1cfEiPu03ou8c4TpO2n3c
6150,1rK2BCV9LevkDFNiZ8jPDDxFFLnyYMhKWdTLrKcQ491o
6351,11RSOeh3SFghwy_rvt51z2X4pYEsRFjidUyhYfH_Dy-I
6358,1A_bApffEztBocATFRPpxtP3y5S-1tmCcLMPrQeCAzIk
6395,1Mu1C2trxMT9FIjI_gwdlx74nJEb-37nHIM30_pAAYi8
6418,1iWsui8yMz6cxoAEXOOVAuDdakKxqEbZnhgJMhpqnfn0
6424,1tovhI7p1aWP1z5MZTKOA2X2Pm3i-e0Nkq66KShoVkio
6460,1nLAg7bkXbN2RKMOMiE20xhXURFef0lvZmpko8NL6Dvg
6659,12H6bt8Jk0JA4uDyXBbMv0Bn3t4i15Sa7WX7toqefE8Q
6809,1Ml3-E0Na682QmKkLKsjQUbszRQFqAq_PWsWm3UxJCbw
6924,1tAfNTcW9dcBzr6sEIOAW5UvWDvoIRaQRRL2aMhjrPf4
7050,1mUsYR0PK8GqApqmIjjq3MBsZ5KBoYvzuGP3wvxjJ_-U
7514,1jM6NpjVOBBoc8fsbTMP59vS-EvC_hzU32ccwWe_Blwo
7821,1RCvjTCntuvQr1QjibKcr8mAMypWuoHE1pWL6NI60KMI
7836,1HbBIZzWXTS4aV4A1rXx53yBxn_GmV3KSXM4wBk1dPoc
7906,1kmicsx3OlyVCePR0eztwdscNNpd2AvX43eLyj1KoCG0
7936,1PDrrf0_J0T1UIUe_REVUu5JnfxcZghaaSUE1zevPIPA
8006,1FLf15UwWF6GTljw5NsXMuVOrf7jWbV2L2KMlcgsvqqw
8022,1y53976RARI5R41GFfWqjs2Y3vy_FkGdTcoXPcwz_yq8
8111,1zdTt3iobCtPgdEGxk7JMVvW4F6Ok6FGrTgdsb3qkSKY
8114,1k2vIeWxzXbfHOaL3_17IP4_QQZ1eVv44sceJuU_RLzs
8136,1i-aLdPOKUW6uJtoGRRuhClilt8vDaItmCMptrjbBUtA
8281,1e-saIUHbQSrFZmLsLqwg6DczcXF116hpZs7DQe-75M8
8864,1_-74BlXOPC_hSnvNMekSAKMis9FT3pY5dwkQkIF0OXI
8920,1ChmDMKAt4iL036l1-5vzNO3XOZ8kec5fqtYU3zCW6YM
8934,1A92k1GiTefdkd6ZL_1XrONTyFQOlTKna9W8lO7AVQSQ
8985,1EYkz8txIPg9gCKZ-Aw4fkIMoL8Sy22fwoR7uIbI3O28
9006,1EDoEUv-4zHGndXD3JH-q6RnKMlEYbsccNYsqvdspZ3k
9010,14fBD6-p9idc043wnmjRYlutOAJlbdTSNiBWnYbraCgA
9042,1le008xSZawmK2wMXN9ChTX8bAtIR89OqvxdMe8p9RzQ
9201,1khqRFbF0R4IIVJVGrmlmq1U3kIGWFBRCxQgc6l-uYYU
9302,1r8_OIwnlxWJ8QsH6uKJF2bSFh2MYd8jsHzST9r2hZLc
9304,14VfsPaqdR8YuP4kUNSUJXmVzLvTJfl88QVH1jTPgwGs
9351,10WzVXql81bTj-cyLSpoQjP-FIXsONZDgZF3-KhM0BG4
9401,1R-vWKlRLt5B_4HmIpLcXsDts6E4D9EZEDjmLfyWpWPo
9404,1sUBnGj-65j2bIY-eNzTL8JTiarOY9Z5JHscsaGFRyf0
9409,1YoHCqYJ3gDYsr2U95AB40WXj0lBq1MLgePpY-U9tZ6I
9413,1KH8xhS6slo-p9NhnPCu6_KGf_pobOj06F9r5c2145Pc
9603,1bRg_sbrRG4Uq8zq1UXt8ar0D6J8D4gUR1UHbSxa3bnc
9616,1jnI_n3cmALms7R7MNT631lkt6S8WeC58YyWzQjWENz8
9622,1Xk5jWWywlLf8F6r_CKs-gv0n7AZozBA-SATcal2uq_8
9633,1VSbl8fMS17Stsojzwus9_mxPRnyPTH8mOEqXv8zFSfs
9671,1s_Tm8ExQlooV4brtErWCyq85833dqC3TVkjH30_fxSY
9672,1XpPtaDfuoAviMIoy9Hkm-1WZIfnVXXopFf7bnPcBrBs
9678,1tpf9Bb8mdlaqXvHdhH97oh8v4qF4f_CnadhPWvQ8G7I
9695,19OWjd06SnQZPBbXk-tu7ujTIKm658WfPFFVBtGYTHUo
9706,1v4H6oY_rnG9rqJ8I62Mn6KwGFaocvIZ8qlHqXXQTxyQ
9708,1-PU3c8We6SbcbSuYuuwGv5jTPFeWO3ISFEW5d7J8E0U
9713,1A66paeK_Vjo3hkTKphH6w49Y2PDAqUftKTJI-BahlBM
9716,1kRVWDgUoBITDKeSH03lnl3S_uErn2b-2ncY4s4VKBjk
9722,1_vdMw6TyMqrl65LbcoDKzD-fEAF0uiyZz5KbGBYuIvM
9726,1XphGmsKb05C8Ww-nlU4DF4dZOqSgqVFgL2uydpTVYgM
9740,1SSAELk5iIxbrVZzfIpgstO8c8h4LkuevP98AgKC1qf4
9743,19_L988_6C-RvmPn7uvGj4YCOa8HVc2ZfuoL-qidXJsU
9755,1Jh-VHli2O17aoGVgzvK40ajl1xXfPpsDaIYmbuSU9jc
9783,1kW3Rq-qTx8mmbFl_rTShb20hzTBJkev1Y_0hc-NmR8o
9792,13j3lK5R__QawwXFrb0dJVUsRnNfvqiUSShUHaaU5PoY
4347,1MflRhkyhDESPT5ifa2xCJdTZh81_53nvRSa44CxWPRY
7421,1swP05jiCKgTq2xSwiSrsVMfk83uwCDTFkmuUZEJBASk
2160,1vVKUSs5inXjllhpQF9rPKob-V5FALLkgMQnYLx19vw4
9873,1pNueDTq3sIaN4cD6E7K0BaQ9IUif8wgsx9PuaViKFy8
2687,16xLRv_KwlrLgQU6tmSpNi03_zGlOOs0FJljsw2QJ6c4
6096,1uGsP212uyvLyPJ2bWyXphwrhT5BfjoWoACnk2-D2Ufg
9060,1CLTJNA92ont-KUL7KBsyt4BDGYzpOkYJrX9EqvLkGR0
7048,1o3Xz4p7xhQmlc_l6qPFPkpCbr4PuWfjs6KuxeJX-Ll8
7813,1__7_RML7Vp6yPuwkm1Cr2z1H1oyUGcG-Afa78zHjW1E
6064,1T7Spr99lwrw5dec9mAhTnMe66V-xINuxXhaVWWTAbd8
3042,1zfbzfvVp_VQN5AuIQJPNVMTtAu7VwFJbCMkn4tuPb-A
6035,1vqd2qD-zLODzizY1CNdGcv1h4hWeqKA0LRBeTLpHVHY
2594,1kn9t81b3yvMouOPqEpyy0osI-v4_5EQVg7ohWMsWeyM
3416,18Kq6CI0nhNjl1iSR_a7sIFsH9c3DjgPu39vRP4oIdZI
4364,14K92ZQpHYN3WDLzk-xkA8PaR625jV5kExP1qUUVV968
8289,11aT_KMtsg2SL5E2CBlJtZ-VouFlIyLNGOMVOVuVYoYI
7420,1cLNUlR0z07y82p5bgjZiRzFsmqfz2u1lv6PSorOXfm0
6973,1C32TykQqBh9T4uJ3ivLwaFYsZg-jtMBk8SorSS8lGjE
2813,1rZrSLBbSBE3iV_tGN8rHvk5jCzqBGX-le40sn6FntlE
6239,1lB7M_Hf77c0BfMCIsE_E61274x5JIafaU32dY8PKHdc
3854,1SFEGGw81lIz3PXdlJfBl9_OYKDWBV-Ify4ylTClz6pQ
3267,115bRJyLsdcr1VeqbZ39Pj27bYA0e2-4poiaI1dDe2Fk
2471,1mEoRp0AbkPQCB1vIgRjEKhqZWRMvxdqU4Z9ene7FX5A
6505,1i8PAIqWSjnJnMc6uzVLZicVjCdRRRoy37YTStRDuC1E
6025,11kgvCsPM91sB2TzIZ7760YYnWnjzbevzJD6Ow1oabbk
7883,1VutcywVZxRvtIMZZgFcPDbp-bKjEZ_p60llZumSWiWI
2685,1YYSyoCBL_BgS_vb3DT1-DFtNGB_-sHl5DEFS7tYPcEE
6577,1jZAsLv6jA-R0RSXLBHwbG_8ZwD9HIdHNZ5t3PoF8r5c
3697,1eWtIkgxFgTSShqCH6PldTTCU4F8ViJ20VDEikhCpvgw
2930,1999soeMjdidlcJCvP8coo1X8pBqziXqbvyn3olf2iFs
3830,1xFPkgGlr6T_k60tRIt-lZKFq5JH_HMXQKCXJv7o6s2M
3849,1_nj7rSHd0wFciOElNVOfrz-6olljwEeQVPaA0DJUvB0
6088,1-BiT9Sw9WyQlDslJS1nbbooZvBGlpdTUAb81bqiqROs
4800,1LfXfn2ce6kaS790nOYnZlo_QGRLEXtlCVcihlpzu_5g
9698,1fqGnLVsWWZXimpLsXaP_kW0W7wLF5jbQ5FZHUBbb9a0
8747,1sgujYnk1rOnnsSBFNi6NNrS21P28gG-gOo336VI5pWM
3571,1bZoUjACigOkcxu4X1pEo0C45C_aRgpoeR-rFwX2fCiU
6095,17gV0aupuzR01fl0k3KMGZI8QnWo78R4ElsRmxgFaAQI
3186,1MHmrHmWsEKjz0Nfy0c3h8wL9oIFFs68AyNdhpVOegJ0
4475,1wvSRbaXzEU8a7M3eQMUyRR-KU69h5dab1uM-Lj8dv7Y
1563,1NL2b7Rp9vpFixEht68Ucfhc9QXV0crpkGLvMVjQJm1k
