1332,1Z1y_Lz31JU2xnaM2blsyNOMxnaVFnKN5vx8OCLllkAY
1333,1OO-IZGDhmd5AZlL5wbszA3aoG6xedPkAHiUwBj2fzoA
1357,1cxWUWRzZ_krcMXwae6AyDJVwfhZdR9hoRsQaC5oerjo
1447,10xm4ziPrmeg7KnWm48YYPmCNZHVSJZNt-pBFrAU95fk
1570,1YdeCoZoBIM35hf1Sfe6g55x4G8Ql74Y4YlWv0Z7f-Pg
1605,1CVMLEyjhc4PwVIj3_Blg0fns_NeOKJUmt6O9i7d5ffI
1719,1x713RFVgx00zIwOwzR4tqYnx9zt1EwRVyvV05oQlpyU
1720,1HjOyhmyF-3GMOBioTgwmbgaxJmg3-MQZVO8vTAP_66s
1721,1phMSmo2palhJf5VaCvZ7AKSqjmgbb4IeozTgXQUdDOo
1801,1RSvBPtGFW08K3ZAbVMACwNgz-mLf14aaUFyASP_k9wA
1802,15GFaUYlA-T3HXcXbEA91NwN5A0DF3QTkRsdCpDD4plw
1803,1gaVOWFLjDSWsrQZzT2vhaFU3vDCbjbFYS-WUdCDBbYM
1808,1YS9sJBBTUfqFHvoFeNPU9nbYQ-9pp76JmJv7JOEDyio
1812,1yUyzhDLfg_7Kd31Izg0mG-MqnWx7-7AljFPIJ-8oavM
1820,1h9zpYrcR_JD-RM8U8_yRVFTotQLEwqRyxy-O7Yg71H8
1860,1xr3c4XHY9dRzBP0h0WLgQYskDaE1BMp4_2Tw1pg1sU0
1883,1op46K3ydtUPK03FnLbNBGa9DsyY1g9h2WsMWAuyIS2A
1890,1ZVS_VkeDJN8bH3LnGaJT37DSreFhEx3yl-_wiYQiExA
1893,152V-ScXTm9JV5qPFIHV3lC7yi6ekjqjOciAvOUXVPLg
1925,1yIKCTsuavFvtiGmoHDq2cFtTDsI1K9_1g9ZwhF_60XA
1928,1cNqU61MRL41eVfwAXflRAxjAfbpcHP13RPjuJPbVvB8
1942,1eSdtkNqwiJkTGjHotbR8bAf76Xc85rIG2_dXjwxHWzI
1944,1MXl7nwLy4vmGxxv0ofwwEPn3y1ldWhGOCN66Az9cdLA
1951,1w470NTpsb4p_i7lDNa5DsEUHV3VsGhZdCyGxRJgnHHM
1963,1n2-1NniJfn9JnmRY_rBtGpoXWPkBXnBTw7fQhWmh0n0
2002,12u6HF0lIpAMcTpNfeM_CHpSmlJ0wOX5cLzVhN5X34Ws
2060,1qDbceSqub8qtD1VJKtj5Pkfv1a3_UAyB3gxLMhyMlSA
2146,1rBDuZhnpgkzpRUdrxVKS9Aaif235Ye14cEz-U6rC_zs
2160,1Gat12gb7OpwRUZPrl9tP2bD6FCyAw9orRF4nEdneTks
2162,1usclTscUBh3DUO_kTHSz2tbFJAVRmXW2nNixDkq_S5s
2191,1iNQTsE567AwSwwYSO-41DDW3J0v5yixay1mOUxFfcbc
2269,1kQyzjWM9Y0isPhbK4nSk-nVNoiilXOYUbIwojL6eRwc
2282,16lWqNJ8-GGWdeL3104oHWMByKkjZxrL0g_HtvPaAF7k
2362,1-5mdQ-N-I-A7uYhs9vvdrkzRz2r4b9E0HTegtOlBaIE
2370,1UFigbBNMGZYJaksdGFFUkysfVpX2DxnKLV6ziW3Q-cY
2413,1N7ZE3uW17v9oHqk-Av5wSROVzBGN2cYrXMevKEdfFpw
2432,1iIXF7QLRXWWL2JvJPx_hYKGurfCyUCr0UwCLOb11Vr4
2433,1Farz-dSx0DX6zY5kouHTOQ2MRbavZ7lNRbV6VL8fzfo
2471,1ZFEWrMgxPGnEHCKwpuxr1ICjuKAzo-tP9USGs5cAJLg
2501,1T04U5MrLvJW7eJwA3wi1BrO__orjVjWGY5ySVLNCUXE
2502,1rHCE9kKa0-jZDG8W3z6Pdu95eNKy7M2PbDQTLznALeY
2503,1g3EXPwDt1sRJM6pEFl_RTIA6OYCrB-Fm5uVmoNj8h-4
2531,1dyIEnQczSjDyQ2AOk2jwLt3aUETLtQ424cV7XHIJ4-o
2685,1Yilw60-7ANSYRYaqs2Uo6reM1pabq8ZrkB2-NH0lhLY
2768,1_ri3zxZ1XIXJk6wmbp2aXE2togL3bj4lkG5Om13Aic8
2801,1zZyLugP1FEsYT23hHeKYg3zN7XPvcBaYJoBE9Rb-H0Y
2802,1eBgRbXtyVGMzdB5zOY4YrXBnyWSaIWQMTDjOavONMnE
2871,1MyiMr0Fhe2g99TkRlsufB9WQ63l-LY7vHjBPSmlV76c
2930,1LTXu5wcLem7ep5YGmddyoTjUsb6yqDDp_J3ZCxb-NQA
3003,1jEy2yBLnUGF4VbXo5Hzd87nW3aZbivY6jqzFxoHwAbc
3038,13eQMYOuufcXxvqWHFilULhLo-iJpyqeWw9L3DLFNvRg
3064,1cUeg-Bu5D5PGW8QxHnLYNyv8alNFGuxT5izyYhEcL60
3086,1eI60X1Ldezyt57sfx_DvfVt0ldQk7OIJq7fzdSdIX34
3092,1SL1e9Hctp7Reu5xEqqEUElVLLNb9GvxVT94nVkVeYVY
3099,1xWTvnrOuJr69UocK3yYkQPgbiS0DKlYzxpeUlFo6idY
3101,13T-oG-D3MEk52ytCzM0ievXrIzVeaaeiLFHlEFykurQ
3103,1TyOXGmZQp1P47E5pqSaPiL7oK1dcmAIahisMxj_IhkI
3105,1R1cu73L6mWR2ppmtNBrrqJAO1FB7gxSKkjac7icnWP4
3186,1ry9eMHAhkJf39E9qsr7xuWraPdzrgyt56_-xOuL40Uk
3254,1Mcb47HP8gnzZgaJSeRUiOuTcqNgWDFXUtVQlvm9HyMA
3258,1JVk8fSq-9vMidbaew0dvyF1cogDgxyrvE4ANzGXV7fA
3289,1GahugY3LWA6dmbeqZQtpuUcdu2fjacGnls_1QXURYX4
3323,150pkpXYy43pZ8hiWBovuV0mYy8itwXfSYoh4x4tpU0o
3356,1O6TgNX9hs0fKvB_RAT_P02IeOuc3bqKq2V5vET4JVks
3382,1qlQ_yBIuYJjcpVmbSFD0pSOLxoSzO8BM0u9K3pKrvv4
3401,1GarCtwmCUeVWngqTKSFobbBjR0fK1DqZI47eyZIItsM
3402,1ia50Yg5kLjoqu-fBjd_Ej7S7IqiMLJYekx8IC8PUVGo
3405,1ZVkQ7IW_rROTiwSqQKwumE_OBjKenw8-ZOVkTVVKeFk
3407,1008zu6XavPZMvrA3UKTkLmB5OLJLZdSHqvk7ruQz4q4
3436,1OIhc3SWzlMnHFFxuKZITu-EqPMYrQiu5wiLKLfzyvVw
3604,1qJe4K6eXxB0yg4UAwVCD6Qp8x2Ssmag0xMlMrjl6sHg
3665,1LMK0HnGIoPXbwPsqvnDArhf3YyVQt-yHiF4gd8Dnopw
3776,1O_c_vsjojqqF2O03qtmUWJ9yfI0oOVqEz0LimeXyvGE
3861,1B9Tb605Il4RtRk2C2-2kfukSDOAWaKojyiwdU2TL4_o
3863,1b2oQCbXY6m7yQOjR-j8EjCjrTc8sVksc5hCZmRfjZtk
3990,1RFCXX7jbWp8UbLSFHsVRE6fZJADnuECaglxsWSomDjs
4004,1J5FLz3GJdwiQbJzbatXv4LdEOKDqEageKc7o4MfTsWU
4005,1B2lBLi3mjZg5-I8tvyWFWurnJI8y9a3o16_kNH0nE2E
4021,1PS9rPDmS2PW5vKXsZlxs9wCiJZ8XFGmqZhVbBfcBGI8
4042,1-fJOiqNhTDsMpHhIH-rjlL6r2ZQoxxf10vBjlkD7DHs
4043,1hJVMuBdzcQFBExMt5qG1ZuzKu67F1eZxQstlCQft95I
4061,1kr2oID-pNZWvzy-_MV_JSJAUOteZW2ls5uyHA4zoFi4
4063,1ydAD9wWAeN-E88aRHpkj96-8CxyfrSv7f7gPxdpttog
4151,1SdEjQ-udcMhYskWPgGtjhV_LVQt2R8gTNq5yJT23RWU
4183,1ZldFXphd5VZtbzHklp5as_BwSilawrB7I3NBnQrdQcE
4188,1oG-WuhVBchYWZglK7ytSsqqjyK7CuekYzD_jPoff2p4
4204,1E6G0-g_xR9Ov3y6ZQU2bzIEKlP7uBHNXly3oeXytK_I
4205,16RvXxfAKGs-WzIfE07teK7y3JtAfuXiwDyhpr2A-X9I
4208,1FYAQY36gID7mc_stZNJ_Kw8eaO7kFX6boOHDpXQDpKI
4217,1pWqePCSqLS9Sf5h_7zaAa-TLaixV2uDQzPWoM88s-1c
4272,1TQ8qmXHYqxyq927MNIz0gWSQdzXRefk8U8287cv0L-U
4321,1YS8WGgLUHNZn8zqlqsoDm1vvUwlN4B0ZhJVSHRhHB7E
4324,1FsEtvHFtWFF2a9BSLhyq-xlsxIz5BAH2ZvjhmeHkBj8
4344,1E24KrQ45kPeLe-yRtqQuWS_-1REvhILMmhggCxC0Jz8
4347,1pH91nqjYpNJqOGifxBpV9mztHvLPuV_1Wgok9ICkm8A
4364,1N5OAVckpVhk1yQoEAdDrXfsn2Ugr7BXggGFQ2Zg8CLk
4452,1beWLagcHpHN3M8skQwql6o_AhuBqNJXeH87PyycrP44
4502,1FU1BV1Vp3mM0E1EsIcrmXJYIYyjl9b0N2WzXjZ_QlSc
4503,1rn5dxohWTzNp0BltMSkxbHsmKUA9IX-KNEt3B79yc48
4506,1C_hYdhjfg2hRyPhSlnzqWV8l43CszOxO2y-nP3eMPFY
4507,1JvflMQ8x6k_pdGX0i80CRBd-4TdWlp37fNd-bTkOoyU
4519,1Z5WTjWnuqM4Zy2mFeB-V2fxr105gpRrChfUyayb-TU4
4523,1PvYJshCOyQT3zMM8vxzuNTnZYN-rTLVOgLhcLTu3cjM
4528,1yh-LOXmipFeK9jar02kqYncjXcFXAsjeFlYPiC0gQrc
4543,18cnezDl1biLa3pmpDryyGCg6MYOz3E5UR7X7NHcgC_4
4563,18DXElr8OBHSjAVTuulXb5gBjXQH0jn2fsEbYs0EW59Q
4564,1NnpEz79OPyOf6ggvmaeiclD3iXijteWl_lULaGakSyo
4565,1u1xNwaILuLxWeREeTszHBdslq3kmheBcVrFnrwiWJGo
4568,19Js6fc1A1Pdl98Saq9dA0-BrxCZVx_1cLo6B86va5Fg
4572,1tsLqS4iqSiCzzFrOsBbtxqkmnwP6UOOIcwyo5tnkUK4
4578,1fVLuqe671_9wp4nWAc8s6QNQtIRiV7vMYnNYxvpHIFg
4583,1t1zp5phS6A4DowjiO78mjiyfLGuxEffZ1bw66Am3ajk
4587,1ESadtpqZWFOutCDQyD7lAi9yaLy3rhTV-_IF7wU23os
4588,1qD6vptKcj4Y04Wp9cY2sdKQ9fuj2vtewyyRQ5Znu6kU
4592,1P9Jc54qFy83ue6xWSi38XxHo1ncsXQSZejRN7XVKTJg
4631,16V529hclTU0iThKxUZ9N2DPdTqwizL8zIsIkOR60HIs
4661,1K1v6hDOqBTRqN0fOgIKgW6ndPM1jMhrEtvwb0cA0CEw
4666,1npjghbbjVBpwbUQOe5F_Rkc2_r6U5nxI1llPhNucN48
4676,1MUazym9GT9SOeshWdJ8QO6-DCX0OAxd2vVUQFdrytyM
4681,1VgNv6uw66Cw8NuZoYRJjJEQq6-Ulg4lezf1AxbzyI90
4689,17hcy8k22NkdqnuWFM2rCVXbfXwz1C4MvbyBADFOT5as
4704,1ehsQny6BnXRNZkoAMGyJjP5Np5kFr3dEIp5qy23nqAA
4714,1iaAtTOyazI4KPaIbnAx9uwSbXPdqJRbG178KV8pMeIA
4739,1dIyAfBlNaxp_wH3DlnMj6X1vVU7s-ihuJh1-wl2FoxY
4751,1tR-VKhmcLztkXaP002i_rnqrtygF9j_hlUIEkjU410w
4755,1X2JYHmhgAgsQ61sLlShfbU5ZOGz4gktSR0sTc_ax928
4813,1CHcJwrBjavr-q5cKcdimQGVVKHpQskHyYxLq2JFKmz4
4901,1ATsIKtso2fnb2WsZFkcoC12fsFmW5FJndxZsVPTirdc
4902,1rIZ-LjYAddGI-wVtCRZnxC_dfJ0eBe65Nm4KKYDZ0KM
4911,1TalQIRVvotoNK2VgbsF19YLoBXajJqiXOrcip21ezOU
4974,1ME7OHhkT50nyH3TXozOdIxTqwWcFsXP4q0gBZgccxcg
4978,10OYlfntamiako-oeKd4idIgagmPYOzcke_yw5zbyobU
5019,1kVMwEFv2jlKWygbE_rcBvJ8j__iN3XQMfGRw4VzR8QA
5020,1z7w4t-dVxLh5mKvi1HpY_07e-hhKBtdPQMkr3JKnuD4
5101,1rugNyGY9k2iPg5o97ocivQxknGkRStbTkSuYZc7mtBc
5108,19ZsdDUHWjXYr8XqkT1XLI-LJIXxJrvRtENnj5adnNBU
5201,1ItHbvy66NgNGjWsvfwuogNfYMWajD7_lD0p-mUnCTuk
5202,1it0vykMMXzwTy47TWpEvrm0S4ALV8dZsIs6tyfYnLBE
5214,1zBANxbxdXT2j0yq6cJ9BXPreOKzpbv7pV6Bb-pratUY
5233,19_l9p5VMUiAskx__KalQqVz67trF_LF4FWW4VaKt77c
5301,1mt-WNNBqB0G_2S7FAtQe5uJ8mq_fObLTwcr4MH12I8M
5332,1fOam1LwalaOCY_a-M8CSxKq1YggXHmToSWEICW5V17Y
5333,1iNnC-h_ZCyuJDtqWgMQXwGSpL7pTIVcIkeZBAXHucN4
5401,1naD4ynxw-THo3Pox9U41zi17Ln_hBFjcXn515hxm6Es
5406,1SBydIOYfbzrO3Fwpd24-zOazTS2YmPIj7d4ysj_L9Ro
5411,13iE2jRFSPYWz_JUVzYCvIRkkj2RfFSHvditDVV9ylEw
5631,1u4t_iXqrSIKYguZ3BNG8vdkZGApn3tYM2-MY_QaSciA
5703,1FDyvv27AlhwOv8BvCgJtU00D4PtLTtHrzxNJe_ImD4o
5706,1uOIpMIV4e9OtzQ9vObR7gnyxPShs_2fA7cRW8OXXnGY
5711,1GLMhqDiT749naayocz-XaHjYo2d7ILCVijuaLct2mlg
5713,1xBTk2D35PcotQ2OzxCZUHwpYnwjVYlo14pFa1SZ-IBk
5714,1VY_GhkgYbmdIfSBOUEFKtF-7CtRAw6OoqvWnGKrT0OI
5727,1E4yaM1HkQ8o6QHyLFLL2DOYztXl9E4X_LCLFkbNBjbA
5801,1FyVNHc0tL6toWu8_wn7HXAYwwCoMzhc2bdX44sbaPbE
5802,1V2wbhQOqF8y4HQ8FhPto55UQPIaaK2LXh3LGqHK377o
5803,1_ttD-JeH9268B_GzCUnFrStKDnDnOtsH8XjKgcqJG2Q
5901,1dX4TfMHm6qHEQAZRF4uV3Te44QuH4DMxmnV4cQ_JouI
5912,1F15nheVuGacqL_QG2oufyOSERgEG8qmuayIhbDetw1k
6035,10h9OLYru3Nnz6b71fUgMtkTC087943N78poyZIoSw6Q
6062,1INAxwTBF1kVmLVq7pVvFvwaoN27p-mOQHGdoO61yHL8
6095,1JB0T5oKeolVMUM3uebrSxYR7zHNksYGczkW-Lmn9YYc
6096,1DXjWOYOV-5Y-abbhgnt_0PK7YdGhXslR6LhkjQ82750
6098,1FWAehv2HbnjuYKP5SogCLTKOK8L6h7i5Ef8L0btzht8
6101,1DVirb__HCM9KF-iwFNsuT4hBA0NiP-TpNVqn2VOT5ZY
6113,1dDLr8A9b0DMjbCp1eOB8EuJIcB30aOx1UE404xdTIjM
6178,15zqsoBHmqQrELH6rj9H8qsNd0DAmWJKUHZmRMtChac8
6184,1ysgZulec7tqRW6Q1vhmMHwEgLOAt7AnYcmjSE__gjFA
6235,1dJxeCGTlyE7BLd19-3yEfsMSCneBwSl-IWheqjnaWNE
6301,18V79reiRN15Wrp0t8Ly3SaqIrAvTYOs3fedt3NGbyXk
6302,1g8ZEFPRBTZUUWTHadjSs0yqH3XLmUYyr5zZFWZzm69g
6305,1Px1doOU-s4n6Q0nUziz19h6UPi9rAC7DWKETuWEWTHU
6326,1jn8ckGHF5-B-E1rDGJFZCty88QfvAQtWF52tZIb3b5w
6361,13SDIQ19vSE1wdXoUYtCt7k4dq3A720odqqGeW5hO5ec
6367,1lBL1PtKlybRnhY1Kojtl89TsUelg6-q-_ZSNNiufOZU
6395,1ciuuCYuxnB4IQZ7MvjI2qMhQz74JEa_FHl-jtGtHIws
6460,1eAN7Y0TTKGmzCt9-pFrTjkO8tRcGd5TPINQIMyRX7Nk
6471,12EUp6JHD-oWQDgPMlNsmIjJhCLwenLQsJURBhqtWsew
6472,1xcTBJ_-B3rBtNiBn9zkALJDsjFR88eDq0hU1eFt0BtY
6473,1dVjKZOpgSmTNOF-mjTgf_INZv5BQNngZL3RUVaGKlwo
6479,1czwHbTM8pZq_ZkC87El4prJIy99T7UyEtGYVpofhcxM
6501,1BZxlbJctFx-ZQs86HcnBsWFF7mXmK9U6qLBzUewuUN0
6502,1TK6yHVe_jENegyt7Lsg_2y5lXak_Twn2sBILamExNa0
6503,1mLcPe-qsTdU_Ub-P3JYmkkLf5-BdwwlFvrKUaV7I7XM
6504,15CF9J9OI04x-yqp-Hj_Ybe9XTEu_v51KblhoQgLByMQ
6506,1sGotsLIo7WQY0U-nPiQGcXO_pY9NwHmrDhiNEL7-mig
6569,1_t5wY90n-xFuJI079TBjILia_dI8CHH9Ni8LyK559sg
6645,1ju00aHisVkZHNtSsD_Jb_tMqAIDA4wUsHcxVwp0ah5Q
6674,1IQqwbnM7WXVjPSubvNwkjUnimH3-q-wSYLIKOS-yZAc
6701,1hJSa5KksR6slDtBl36DpO72ljckDtkTlR93BSoR0OUA
6702,11vB7k8KEohtE2Cqgc45wyOVuOKzjEwackNvFqbEmls4
6703,1oMvhmmWqGrVEnvKYdxyN-GVGV3Gk4nr9Jzdcyx5YVNc
6724,1g9WGezbiIPaKMT50_7BEKD67ToKquVl_kPvPv-O-Tyk
6752,16vXkdARpigmRiL0DQW_RE34dBBLHDZZVsJEXdboYTa8
6754,1bTa5_Pr6H6bHDu7-OUXyXlS2MicltLOw1RwQxqEAGzw
6758,1xl0QF3nAqQqiPr6DzKJxSLTH42Z_U56LD_-S96NiknA
6762,1fEqQemcyEMuJTH0nr5EP025w2tTaXiyebBpUbvLxl54
6770,1R66W16Uvi6PcEodreRxkEMzJDKtSiLteerfRrJNLUL4
6838,16zpA_hm5ikBDtBS43NPeh84Inzm-Vziq4m0MZgXlG2k
6841,1cv6OE9PChmdXX4h9wRNVYP9uBOyjIsFmoybKSDcom8w
6857,1Da44mDupYOFXeATTTg21kOQqQBLdxej5H3APDrQ3hbs
6861,1mf7u4pLxAp3MwqQP_crdRMBaxz6xGFgDPyd8T9eG1z8
6890,1bVj35SBYAFnL6OILfIO-8CWSO8LzZwJPqNY_LzTn20U
6902,12B2WPTs36JUjVX0DwXJnQHpJVE7-RraE2WFL-mD94-4
6920,11m4zVFv18FsAtsLnXUc_OYEfDqQPawmxPetk4VbBB4s
6952,1FuW1bftcYj50ZgCJW2LNvEo5wLB8OjdZ_-XvWVn16NU
6954,1UDBEPMaOymERX1UZVB1dxk8vYz5ovpMfSyTJqQqz8wA
6963,1OaLb-6Ke0FaL_hIURs1IAGN3dSDTrj3tbciCTF8_Jeg
6965,10liRI45ks2NNRuFVxrMMmw17YoO_ESjK2qhjZXArX20
6971,1z_X1kpRUvghoDd3djxZMPBFKNyKfKGaf7Fhjgv0LBlQ
6976,1M-UFAB-mC_i7Vc6QBDgV5GoWr8KowBGcBOLQZRHAkX8
6981,1c6BZ4oYpq2Z6h20tdvWSWBD2STBDmgqlvus20QOB2gc
6988,12EbQQVxj27cW4yGwbDZidTUHVfZJTlhgEFp-9V8JH6M
7003,1UNFor9tUt4O6KAaXIWdBZ6JKJui883NrzrBVdAw28Fk
7004,1se-qi5aFbLgzt5S3MJcDlJ6sBubJKKg3oRbVw7NGNQM
7011,1S3F0MsPxpxr3hocAxn-sONejO_8zKA9mwO2fw5yI994
7012,1X_1Pn5nUBYm8XqF0nc77hUL1TbK8mDNZKgC_U_5y7gw
7013,1oclskYl_-NsUq4U-SUYMyf4YZar1xuiZFpH1VymKeGY
7148,1sYNvXh5FV29_vpOEazceJnHqoECmVkY8zAgriCuKs_Y
7172,1YVC1DA4yTx1X4bP6wyvlO3lV65HXAnbRdKeo-mpP0lg
7186,18D6V8py6S4YMOYMkTBsaxBPjdVJoQF5f12Z9GRSKehQ
7198,16gCPBIsGrkHhgk4XCCPkFT2JJNMoWkZX2nykZmV7oBc
7201,1jcZ5fKFJ17XGYgkSW_33OlOa9cIN2EXialuBWWCZ3p8
7202,12Z7zKKIfYoNvQBY7h7TkN_EqOxd4QT61jvyGhavkft8
7203,1_MX4Cf3yEdcFywaV5xeTP9x4lRq6_GnAkJgET3-DU1I
7205,1B5r6GAQp1j3U02Z0pDMO5AJiRSoySZ2ArHRBXdHhIvk
7211,1Bvz8XhTGgmqG7IkeO9UZIOa8h1TECmdvK9xchSg4vLI
7224,1OvfKVH1PnEDJ5D2NS_ZxniuEKWky_Q3mmvfoNCptM3M
7238,1WYGHjBb8vMS82EQwGZ0coBvzgALztl1cHBd384NGUWQ
7261,1POWzZAdlsJjoSN4jmrLYLNCAiNTqG3YAN3qTgQDjA0M
7267,1Cb-cEFXKofUI6xq5QqTUJRn4gIkjWGPUF7tHUicmPXE
7269,1pewtozQARl_6MFVjSPMpykN_aPGonIb9ctiuF5Es4pc
7270,12DmSgNA_6iZ6K1EYO1kJpXzerySQtlF7GhAjRyV95XU
7272,1JLQXCTzi3u90Oo-jz2OuEd-aiBILTOMxkqGcBHVZNzg
7518,1zvvDKZhuzlMYbEYQtZZG4b0oMbbch4yUBk9QJZv6WlU
7550,1Dn9WbD5O2lWIez6P_gvNWtv4xIFuVCZwibWfRx9YjLM
7564,1XoN-2y4C1Z4y5bvy9WxjzIPFfFzhGXHc0QrZiLkw-WQ
7731,1feapdSGm215yRAeqeosTAYa6-lKxuqsOUzT7leBkLGw
7733,1SI2o4DoZyaj3LZvIVCxbCbGn0dKKPYMwDpTWOi_HFFQ
7735,1zolNfu6QYsfxnIEpfYsY4J-UI9Ec2D4uQfWHlY3BVJc
7746,1iFJxHHW-BRQMssYZzakIxte56T4n8ctRRZ30vDqSTxs
7751,1m57n0CspkNSCYLtZND1oBp--4px7RdLPYopuAZDWji0
7752,1UWp6720LYdkV57yphlc8nmkVeECSVLynQMEQ_ERuqSU
7762,10iRDvrdkLXMfBg5iShqnRy6WFuBOzfwDMveEQuzS8u4
7777,1lvIwR1dmdXCj54LiaP7taB96gNMHzmg7nIOMICegN9Y
7816,1js_AyyJdEeuGtP3dpmKdtZ4oYxnCp-ONOScDlgno-7w
7832,1ALh4mWUe8GD3NsCZOi7RSFexfTwfHOjtHxRbPXsbCno
7836,1JfOfNVX9SvUkTddvQrZGXY8FtbmZxBhVQT1M6CVeib8
7911,1_I3u2dz2K8WYr1bfcUVmXNq2J3D9EZAXKPDieM8O6gI
7912,11tJ8UF0ZQl8xP-5IuVsmEYUgA-LZNwU42TzMEcWW3u4
7936,1kxGrj0caGJc-Ygd9B5DhGep8xIJq6_iVp92VR4aIYIs
7951,1zNGsYZCTuR3KW1UncIbEZp8XSDjCJ2PwNflNMhFVuW0
7974,1Veh_6P4vH4uzpU9nHNUuoPazSjsILJdPQPQsNrkqPPg
7980,1JwWNIhiFc_0kJnznCG46-UukDChl6iHNo3OfXck4X_w
8001,1hqBSkj8NhaOunG_hxCPEgVsuwLaestqr_ShN4Y1ujFE
8002,1YfjJibmwO3H7-JX8WF5-g_-ZRpzB_VURNJUDewMnJuo
8015,1pdQQ4Gd2TCHVcYwCjNQvcJHj04-VXyC6DTV30MQdDiw
8028,1a_vV126fOswe_xosZ0pZ8tcXvIHeVZjjQ1ab9M1kbDM
8031,1W0i-F33_j360HCY7yJGs17vQepfsCptw2jVgvV3j8hw
8035,1M7X3xWCGuA6D8tS-BT4bZamAELQSjqL8qNoeI3tFLGk
8053,1WwhlojJF4PVYrCUVHTVvnZXIzNBMPyGz1bTgqfYRbEg
8056,1RusiQaO4c0lBQUFxcP382eZ6r3EGMaIsJbDeddmpZ7A
8058,1_HFve6fBaGiXmCvr8NG_eoCqu09p0xuenk_KqR2AGtQ
8111,1AAnr_vD3Ss5uJRmgWjcS5UWLK4PKQF9Q1YbNItvQuN0
8136,1KIcwkdBeCMlFRdzGpbWl1gb38lHw3uKcLQweL_Otay4
8226,1RqqwB-8jlRpZRmjcsD1DzWR0eqBzdp5lZc_3ZX_ornQ
8233,15Q5bvWuHTwjr244mdSGGqRCIBdZx3Jm5QC9Giw07SqQ
8252,1b6x2DLIr-MWV1XB1nJSCS6M5xA-I0NAkxL9Z0yl5Y9E
8253,1YafJLzvQEk31m6XWct7L7mAiLr82WmN53ZEk9npXH28
8267,1MKRM4Zl6Y18otR1ioS53OvepgIWLObxE3x_BIprEtx4
8303,1tucTEfCqxWsFPNGw77I3v6engOOcrq-hPQEkISi87qU
8304,1yvjdhV2KSACOnb8sN9FNGThe9u5ZqB6-zo048wKWcnM
8306,1SIKvHPzc25QSi2jGuwHUbRlaLUGTUOzI-3IrdQYF9_E
8308,1jgazj7e3KP5vZeN2yHGTxZDibWs8FSRY7ZVBsjtAqLg
8309,1GmD-K8398r02Y6pWF8RLou_Q098e5dyWYRIBRTCU9DI
8316,14U8kplHSgs2pvAKyQow4qKocX5Z0NTLUMgycx3EiPps
8331,14tIJ7XddqNbAIvOwdaFz8YEQyCCE0V41MAM0nZOXpOg
8354,1-g_CaGWAVQBACwJ-C4KkVGCgW6VxRVDHQMP35p1vO8A
8355,13YICZ_AfLrfBH49zjsxhG4L-7Kz2jIp72XbX-WQzi7g
8411,1YNiV6DEvw1dyQiMV8N6KoU5pU6MwpH_rzSio-hXwWbY
8601,1hQvNAcIOJsCPz5ROTt9mWAsih2BozuxUBX2F4jgPGIo
8604,1DyCD-QOc5PkuFWbrT3wfWQVw_zRRL1dRky9vvObxZjc
8628,1aXMxpHJQREMWWIylKIziYTYuSJMPPl9bGG0Tf1mk3nU
8630,1V2qRTwGdDoysjEH1j1gJUI84rbeORADE0ZAH6lDX3u8
8725,1clO4MwZmaz8JMo3wVgi9sbzxuwvelPu-Ic4aVTQjEwA
8729,1RzyJ7pTtmPM4_o7ZmMXUfFjvShLQjvat74e4QfN4e1A
8750,1aRtSmXLgJNUsuEF537iREqbHKmtrpLRuKzE2g8EnRgU
8766,1MeHkcEgRi2hyJNCtbX4xQlDoeQHoyIDsb5up4PPPDD4
8795,12coS8ntjmGR7GR5JOgF4OeONHURfV1d5awMNEoAxvPE
8801,1T_eT7k4KHJtiGDg6t9ffQHTnhEPmS3R5pA7iGhhP5B4
8802,1ifS3VglN1sHTR4h7IPTXT9PY-Mo7mszivuYjyNzLO30
8804,1io9R4rZ3_MhIqUZt15VqndodseQbxcZHyjYyqbvJFhQ
8830,15h-xTw1UIrdmvG1eOiwI1OnHLXkYaZLNWTBWQCHkzmE
8893,1wCdIFZtnGA1DODowZhJxdS8FBUgwJdtAVmCjUBhnTbI
8897,1X5KS2ky5gaaqGjO0P1qcboWbzuto6qPtVKqayalMzPI
8934,1mVbR8pj10sp5UqRiF8JPAz-HKuTIcppcQ_FPYQyFD94
9001,1T_AiOixB_Dm4GUl57IQNwP8wURkzH9XC8P7tGI477Nc
9005,1kaSo5lcuwhb2UDIVQgl0tohxs0hj95K1Zn3isezt6E0
9006,1N5t4i8I60zwBhA1gkc8wReKl4sR7Xwa7OJMjCPHIr8E
9007,14V3_6DoGR3S1roTaSrg49_7WsQv1eZgHi-6ClZkP1aY
9008,1BdGZpBM49t0Vof62zcmqKetezfnC0nV6ydJBrW5jJzg
9009,1V4aLaVjklypU-JiI5f-nRsUA_3mY6Ycip3uMpeZ0HqQ
9020,1LaLVX-oX7lDBxcE_yLUabosrQDmlavFX2__S0JGpizQ
9021,1zHFY0WBzZ2rYgsZ-6b-RqFKriTQKGT0TXhqXLeKetnQ
9022,1uqKgx71cwHBVKDM605WO31lrA_v06U2A1y-bKi4fIZ8
9042,12_jMUSdJi8bI_ps8DtBq94on9rruG1Cte1WouVYs2uc
9062,15BAFLLTVvgzLD_E_bgRJJz4lJm5TbzlODwrksHpEau0
9064,1TVvebosHADTMAv4saQZ_3355ZV2933_E2hOZX6dzGGI
9101,1EEtwr6T_vfwh71eCfh-QHIwjndM13WeDhv8rccZI-Eo
9104,1gcPS3aCUEfMkJ9h-aubBQEPnc7Ych0mR5Mo2LKXck_E
9107,1rlEKpHnV0FiM9UA1lHo--uGPqvPkutkCFu5bZjOmuG8
9201,1_vWj3m7Gkp7jEvk_TLvftBeacvDRLgkMEq4O8JML7-k
9202,1Q5on36QsRevGLzirocdoHq9eFrJO2EQOrlnAfpqRqgw
9263,1eD6G2Hedl9nE_qVw40Dsi7XQKNREDThFXnusZNds8EQ
9301,1Af-MbIdLvQZ6JccVgH9OG7VF_6G4Xbgl1erhpsCDaB0
9401,1omcvWJHDJk3rHbIbEoxBZjlgaZ6_Zn_qBe_bi6uxpOE
9404,15LKyxn0_KRdSuJ1XxpVggNXe93kMvwDA45GTIBpaV0Q
9412,1R5Zv-KLB94v01p1Jc2cDJZL6nj1AmTVHyXrs1VoCDqc
9424,1lmuMsSQ9s0UJv-oj6IPzHSZK3MbyVUQ3d1io1vu096o
9432,1ZbwloChVjvguBPKQiaMr3fsifRekrv__TMgQt-9jBOU
9433,1OlEc6cWMZupNF2NHpB5-CTrec-NGHbqIFjBTAn1d41M
9434,1fypFOGIpQ53-CFOmP870qdqhzyZE-toGgqif9pWMKZg
9437,1ePiBK3dhb7_u-V_--mv2Ny2YHlH3or1KvVtN_klYRfk
9501,1a0KIM-N0PvcIf7yYsD-oM4Dnlbfz4vaRIYmDP0YQvxw
9502,1HYpinTHFu--23lRrsvCfD_uJ0Zjqd8l7TdVE1wxZ-M0
9503,1kLFHEZwqqh9q-17LD5mO_axxMfngKNcxXds5FAWjaWo
9531,1iisXL0jWsTpqIcXhvKiffbdBTgk-TEhDOk8QvqQgMs8
9532,1bYHhbtgPJtJQDT2u8ItbYL8JZH9JiPQIQYT7P8C2tUQ
9602,19G_TJMJIiTCS42Adt2UN4qj0hMbEEH1Fti6P6eFZA_A
9603,1Pjg6jVr8vw6odfSBfrifI5j7DNilevDXWJT74_FM9tY
9613,1ZrnZTfUY5yKyeUDQjONFHww4he5ZuL8P_sfnrxlcUEQ
9616,1XlgAqCNH2XLLsBzUs--gH5mPX3g1num99vLS3KT0UZE
9681,1Vd1UbYRGKimIaghGCTOiDHsy-AlLNVU6m5O56xhAvDc
9706,1Z1EWQe8xi4L1i5UIoDLkdS8ZeqiCeD0JFrKqeMAZuKw
9716,1JgtFSrNtjm5zhpIY5sQpTumUZY5dAvPpp7-W3A8xGr0
9735,1dQRkZZan8o8-Ipg5dhapdGcRFUlQR2ceO3ECs2x3z8Q
9766,1AKPrDZsKMdnxgPcGwuwlByY5zGG91JPceD-dkPaKwas
9783,1NFq0gXienDeM9RFF7u89Fq4QVI7QDcDoTiDprG-YHGw
9792,1EiqtT6zzCuQZe_Z_8UC8n_cM5O7qfQm5XvVqjuwc-O0
9983,1Qo30MfrC44FPJ_Cl7eEtDs_3FJpxWZ62TMJBWZumoNM
0000,1pUFZqaVUD19rT0NHkw9BEFMcwstSV5lLXr2KwiMXcuQ
9984,1OiNrADRKD_CJ0o2uwJIO2DD5E02JSaR4RZw5gTO4JdA
