2002,1Lo5i27KqfzUuW6Y1tg0AKNRbZD-eaunaD2rSkyxrcfo
2002,1Lo5i27KqfzUuW6Y1tg0AKNRbZD-eaunaD2rSkyxrcfo
2002,1Lo5i27KqfzUuW6Y1tg0AKNRbZD-eaunaD2rSkyxrcfo
2002,1Lo5i27KqfzUuW6Y1tg0AKNRbZD-eaunaD2rSkyxrcfo
2002,1Lo5i27KqfzUuW6Y1tg0AKNRbZD-eaunaD2rSkyxrcfo
2002,1Lo5i27KqfzUuW6Y1tg0AKNRbZD-eaunaD2rSkyxrcfo
2002,1Lo5i27KqfzUuW6Y1tg0AKNRbZD-eaunaD2rSkyxrcfo
2002,1Lo5i27KqfzUuW6Y1tg0AKNRbZD-eaunaD2rSkyxrcfo
2002,1Lo5i27KqfzUuW6Y1tg0AKNRbZD-eaunaD2rSkyxrcfo
2002,1Lo5i27KqfzUuW6Y1tg0AKNRbZD-eaunaD2rSkyxrcfo
2002,1Lo5i27KqfzUuW6Y1tg0AKNRbZD-eaunaD2rSkyxrcfo
2002,1Lo5i27KqfzUuW6Y1tg0AKNRbZD-eaunaD2rSkyxrcfo
2002,1Lo5i27KqfzUuW6Y1tg0AKNRbZD-eaunaD2rSkyxrcfo
2002,1Lo5i27KqfzUuW6Y1tg0AKNRbZD-eaunaD2rSkyxrcfo
2002,1Lo5i27KqfzUuW6Y1tg0AKNRbZD-eaunaD2rSkyxrcfo
2002,1Lo5i27KqfzUuW6Y1tg0AKNRbZD-eaunaD2rSkyxrcfo
2002,1Lo5i27KqfzUuW6Y1tg0AKNRbZD-eaunaD2rSkyxrcfo
2002,1Lo5i27KqfzUuW6Y1tg0AKNRbZD-eaunaD2rSkyxrcfo
2002,1Lo5i27KqfzUuW6Y1tg0AKNRbZD-eaunaD2rSkyxrcfo
2002,1Lo5i27KqfzUuW6Y1tg0AKNRbZD-eaunaD2rSkyxrcfo
2002,1Lo5i27KqfzUuW6Y1tg0AKNRbZD-eaunaD2rSkyxrcfo
2002,1Lo5i27KqfzUuW6Y1tg0AKNRbZD-eaunaD2rSkyxrcfo
2002,1Lo5i27KqfzUuW6Y1tg0AKNRbZD-eaunaD2rSkyxrcfo
2002,1Lo5i27KqfzUuW6Y1tg0AKNRbZD-eaunaD2rSkyxrcfo
2002,1Lo5i27KqfzUuW6Y1tg0AKNRbZD-eaunaD2rSkyxrcfo
2002,1Lo5i27KqfzUuW6Y1tg0AKNRbZD-eaunaD2rSkyxrcfo
2002,1Lo5i27KqfzUuW6Y1tg0AKNRbZD-eaunaD2rSkyxrcfo
2002,1Lo5i27KqfzUuW6Y1tg0AKNRbZD-eaunaD2rSkyxrcfo
2002,1Lo5i27KqfzUuW6Y1tg0AKNRbZD-eaunaD2rSkyxrcfo
2002,1Lo5i27KqfzUuW6Y1tg0AKNRbZD-eaunaD2rSkyxrcfo
2002,1Lo5i27KqfzUuW6Y1tg0AKNRbZD-eaunaD2rSkyxrcfo
2002,1Lo5i27KqfzUuW6Y1tg0AKNRbZD-eaunaD2rSkyxrcfo
2002,1Lo5i27KqfzUuW6Y1tg0AKNRbZD-eaunaD2rSkyxrcfo
2002,1Lo5i27KqfzUuW6Y1tg0AKNRbZD-eaunaD2rSkyxrcfo
2002,1Lo5i27KqfzUuW6Y1tg0AKNRbZD-eaunaD2rSkyxrcfo
2002,1Lo5i27KqfzUuW6Y1tg0AKNRbZD-eaunaD2rSkyxrcfo
2002,1Lo5i27KqfzUuW6Y1tg0AKNRbZD-eaunaD2rSkyxrcfo
2002,1Lo5i27KqfzUuW6Y1tg0AKNRbZD-eaunaD2rSkyxrcfo
